"gear","n. 齿轮；装置，工具；传动装置
vi. 适合；搭上齿轮；开始工作
vt. 开动；搭上齿轮；使……适合；使……准备好
adj. 好极了","The gears mesh with each other.齿轮相互啮合。",
"legislation","n. 立法；法律","an ineffectual effort to block the legislation.企图阻止立法机关行为的无效努力",
"submerge","vt. 淹没；把…浸入；沉浸
vi. 淹没；潜入水中；湮没","A partially submerged log or trunk.部分浸没的木头或树干.",
"smash","vt. 粉碎；使破产；溃裂
n. 破碎；扣球；冲突；大败
vi. 粉碎；打碎
adj. 了不起的；非常轰动的；出色的","The glass was smashed to smithereens.玻璃被打得粉碎。",
"withstand","vt. 抵挡；禁得起；反抗
vi. 反抗","He learns about himself and what he can withstand, and what type of relationships are important to him. 他了解自己，知道什么是他可以承受的，知道了什么样的关系对他才是重要的。",
"recruit","n. 招聘；新兵；新成员
vt. 补充；聘用；征募；使…恢复健康
vi. 复原；征募新兵；得到补充；恢复健康","The recruits drilled regularly.新兵按时操练。",
"presumably","adv. 大概；推测起来；可假定","Presumably you've read this notice.你大概已经看到这个通知了。",
"haste","n. 匆忙；急忙；轻率
vi. 匆忙；赶紧
vt. 赶快","Haste makes waste is a proverb.欲速则不达是一句谚语。",
"whereas","conj. 然而；鉴于；反之","Whereas the following incidents have occurred. 鉴于下列事实已经发生，…",
"deputy","n. 代理人，代表
adj. 副的；代理的","One who acts as a deputy or a proxy.代理做代理或委托的人",
"shiver","n. 颤抖，战栗；碎片
vi. 颤抖；哆嗦；打碎
vt. 颤抖；打碎","He shivered the mirror with a hammer.他用锤子将镜子砸得粉碎。",
"modify","vt. 修改，修饰；更改
vi. 修改","He won't modify his demands.他不会降低要求的。",
"fax","vt. 传真
n. 传真","Our fax number is 112-2334.我们传真号码是112-2334。",
"retain","vt. 保持；雇；记住","These roses retain their scent.这些玫瑰花仍有余香.",
"retail","vt. 零售；转述
vi. 零售
n. 零售
adv. 以零售方式
adj. 零售的","These socks retail at $ 5 a pair.这些袜子零售5美元一双。",
"episode","n. 插曲；一段情节；插话；有趣的事件","an episode in a picaresque novel.流浪汉小说中的一个片断",
"algebra","n. 代数学","Doing my algebra was a piece of cake.做代数学对我来说简直太容易了。",
"seminar","n. 讨论会，研讨班","Professor White's seminar was cancelled.怀特教授的讨论会取消了。",
"dump","vt. 倾倒；倾卸；丢下，卸下；摆脱，扔弃；倾销
vi. 倒垃圾；突然跌倒或落下；卸货；转嫁（责任等）
n. 垃圾场；仓库；无秩序地累积","The truck dumped the coal on the ground.货车将煤卸于地上。",
"suburb","n. 郊区；边缘","The house is situated in the suburbs.该房子坐落在郊区。",
"subtract","vt. 减去；扣掉","To deduct or subtract from a cost or price.减少从费用或价格中扣除或减去",
"prompt","adj. 敏捷的，迅速的；立刻的
vt. 提示；促进；激起；（给演员）提白
n. 提示；付款期限；DOS命令：改变DOS系统提示符的风格
adv. 准时地","She needed an occasional prompt.她需要不时给予提示.",
"integrate","vt. 使…完整；使…成整体；求…的积分；表示…的总和
vi. 求积分；取消隔离；成为一体
adj. 整合的；完全的
n. 一体化；集成体","Integrated circuits are fairly recent development.集成电路是近年来才发展起来的。",
"auxiliary","n. 助动词；辅助者，辅助物；附属机构
adj. 辅助的；副的；附加的","This avoids cluttering up the core content with auxiliary material. 这样可以避免把核心内容与辅助资料混在一起。",
"naval","adj. 海军的；军舰的","Admiral Nelson was a naval officer.纳尔逊上将是个海军军官。",
"likelihood","n. 可能性，可能","In all likelihood, we shall be away for a week.我们很可能离开一星期。",
"orient","vt. 使适应；确定方向；使朝东
n. 东方；东方诸国
adj. 东方的
vi. 向东","Ian is a dab hand at the orient art.伊恩是东方艺术的行家。",
"identify","vt. 确定；鉴定；识别，辨认出；使参与；把…看成一样 vi. 确定；认同；一致","To identify the boundaries of;demarcate.标明界限;划界",
"adhere","vi. 坚持；依附；粘着；追随
vt. 使粘附","One who adheres to pluralism.多元论者坚持多元论的人",
"radical","adj. 激进的；根本的；彻底的
n. 基础；激进分子；[物化] 原子团；[数] 根数","A univalent organic radical,C2H5.乙基一种一价烃基的",
"optics","n. [光] 光学","Light stimulates the optic nerve.光刺激视神经。",
"obscure","adj. 昏暗的，朦胧的；晦涩的，不清楚的；隐蔽的；不著名的，无名的
vt. 使…模糊不清，掩盖；隐藏；使难理解
n. 某种模??的或不清楚的东西","Smog oBscured our view.烟雾模糊了我们的视野",
"tide","n. 趋势，潮流；潮汐
vt. 随潮漂流","A rising tide of discontent.不满的潮水高涨",
"extinct","adj. 灭绝的，绝种的；熄灭的
vt. 使熄灭","an extinct volcano.一座死火山",
"vague","adj. 模糊的；含糊的；不明确的；暧昧的","Vague,groundless speculation.空想模糊的、无根据的思索",
"mild","adj. 温和的；轻微的；淡味的；文雅的；不含有害物质的的
n. （英国的一种）淡味麦芽啤酒","A promise of spring in the milder air.和风预示着春天就要到来",
"transplant","vt. 移植；迁移；使移居
n. 移植；移植器官；被移植物；移居者
vi. 移植；迁移；移居","It didn't transplant successfully.它没有移植成功。",
"blast","n. 爆炸；冲击波；一阵
vi. 猛攻
vt. 爆炸；损害；使枯萎","The wind Blast has relented.风力已减弱了。",
"zealous","adj. 热心的，热情的，积极的","A strain of zealous idealism.一副狂热的理想主义的口吻",
"zeal","n. 热情；热心；热诚","He is a man of zeal.他是热心人。",
"wreck","n. 破坏；失事；残骸；失去健康的人
vt. 破坏；使失事；拆毁
vi. 失事；营救失事船只","The smouldering wreck fumed thick black smoke. 燃烧的残骸冒出浓烈的黑烟。",
"wreath","n. 花冠；圈状物
vt. 环绕（等于wreathe）
vi. 盘旋（等于wreathe）","They twisted flowers into a wreath. 他们用花编成了一个花圈。",
"wrap","vt. 包；缠绕；隐藏；掩护
vi. 包起来；缠绕；穿外衣
n. 外套；围巾","Please wrap this item separately.请分开装。",
"worm","n. 虫，蠕虫；蜗杆；螺纹；小人物
vt. 使蠕动；给除虫；使缓慢前进
vi. 慢慢前进；蠕行","The worm inched along. 这条虫子向前慢慢移动着。",
"whitewash","n. 粉饰；白色涂料；石灰水
vt. 掩饰；把…刷白","Don’t lie or try to whitewash facts, but don’t feel you have to go into every topic completely, especially for a young child. 不要撒谎或者试图粉饰事实。 但也不要在每个细节上都过于深入，尤其是在面对特别小的孩子的时候。",
"whirl","n. 旋转，回旋；昏乱；一连串的事；短暂的旅行
vi. 旋转，回旋；急走；头晕眼花
vt. 使旋转；卷走，飞快地带走","The tumultuous movements of these minds at liberty and at work set his ideas in a whirl. 所有这些自由自在和从事工作的青年人的喧嚣往来急遽搅乱了他的思想。",
"whilst","conj. 同时；时时，有时；当…的时候","As you lower your pen whilst continuing the motion, you should notice the resulting shape is more regular than it otherwise would have been. 随着你降低你的笔，同时保持圆周运动，你应该会注意到画出的形状比起不这样做画出的形状要规范的多。",
"wheat","n. 小麦；小麦色","They are cropping wheat. 他们正在收割小麦。",
"weave","vt. 编织；编排；使迂回前进
vi. 纺织；编??；迂回行进
n. 织物；织法；编织式样","Workers weave silk thread into beautiful shirts. 工人把丝线织成漂亮的衬衫。",
"weary","adj. 疲倦的；厌烦的；令人厌烦的
vi. 疲倦；厌烦
vt. 使疲倦；使厌烦","The weary priest droned a prayer. 疲惫不堪的牧师喃喃地念祷词。",
"wax","n. 蜡；蜡状物
vt. 给…上蜡
vi. 月亮渐满；增大
adj. 蜡制的；似蜡的","Wax polish preserves wood and leather. 上光蜡可以保护木材和皮革。",
"waggon","n. 四轮运货马车；运货车","The ragged man drags a waggon of rag fragments. 那个衣衫褴褛的人拉著一货车破布碎片.",
"wage","vi. 进行；发动；从事
n. 工资；代价；报偿
vt. 进行；开展","The low wage had warmed the worker to strike. 低工资使工人愤怒得要罢工。",
"voltage","n. [电] 电压","AC voltage regulator.交流电压调节器。",
"virtually","adv. 事实上，几乎；实质上","The dinner's virtually ready.饭菜差不多准备好了。",
"vinegar","n. 醋","Vinegar contains acetic acid.醋中含有醋酸",
"vine","n. 藤；葡萄树；藤本植物；攀缘植物
vi. 长成藤蔓；爬藤","a scandent vine.攀缘的葡萄藤",
"vice","n. 恶习；缺点；[机] 老虎钳；卖淫
prep. 代替
vt. 钳住
adj. 副的；代替的","No vice goes alone．恶事不单行",
"vex","vt. 使烦恼；使困惑；使恼怒
vi. 烦恼","I was a trifle vexed.我有些恼怒。",
"veteran","n. 老兵；老手；富有经验的人；老运动员
adj. 经验丰富的；老兵的","A disabled veteran;disabled children.伤残老兵;有残疾的孩子",
"velvet","n. 天鹅绒，丝绒；天鹅绒似的东西
adj. 天鹅绒的","The lawn looks like green velvet.那草坪看上去就像绿色的天鹅绒。",
"velocity","n. 速率，速度；周转率；迅速；高速，快速","The students were asked to calculate the velocity of light.要求学生计算出光的速度。",
"variation","n. 变化；[生物] 变异，变种","Variations outside the range given are not unlikely.变化超出规定范围并非不可能。",
"variable","adj. 变量的；可变的；易变的，多变的；变异的，[生物] 畸变的
n. [数] 变量；可变物，可变因素","A table friend is a variable friend.酒肉朋友靠不住。",
"vanity","n. 虚荣心；空虚；浮华；无价值的东西","His vanity was hurt by their talking so frankly.他们坦率的谈话伤害了他的虚荣心。",
"van","n. 先锋；厢式货车；增值网
vt. 用车搬运","The bus and the van collided.公共汽车与客货车相撞.",
"vacuum","n. 真空；空间；真空吸尘器
adj. 真空的；利用真空的；产生真空的
vt. 用真空吸尘器清扫","I reckon I'll vacuum the carpets.我想我要用真空吸尘器打扫地毯。",
"vacant","adj. 空虚的；空的；空缺的；空闲的；茫然的","A vacant estate.无人断承的房产",
"utter","vt. 发出，表达；发射
adj. 完全的；彻底的；无条件的","To utter in a monotone.吟咏以单调音吟出",
"upside-down","adj. 颠???的；乱七八糟的","This strikes me as an upside-down way of looking at things. 这种倒置的看待事物的方式，让我深受触动。",
"upright","adj. 正直的，诚实的；垂直的，直立的；笔直的；合乎正道的
n. 垂直；竖立","The guards stood upright at the gate.卫兵笔直地站立在门前。",
"turnip","n. 萝卜；芜菁甘蓝，大头菜","Human life and turnips remain cheap and plentiful.人命与萝卜依然是多而且便宜。",
"turbulent","adj. 骚乱的，混乱的；狂暴的；吵闹的；激流的，湍流的","TurBulent, revolutionary undercurrents.骚动的、革命的暗流",
"tumble","vi. 摔倒；倒塌；滚动；打滚；仓惶地行动
vt. 使摔倒；使滚翻；弄乱
n. 跌倒；翻筋斗；跌跤
[ 过去式tumbled 过去分词tumbled 现在分词tumbling ]","She tumBled downstairs.她从楼梯上摔了下来。",
"tuition","n. 学费；讲授","Her father had decided she ought to have private tuition.她父亲决定她应该有私人教师指导。",
"tuck","vt. 卷起；挤进；用某物舒适地裹住；使有褶裥；收拢；大口吃；使隐藏
n. 食物；船尾突出部；缝摺；抱膝式跳水；活力；鼓声
vi. 缝褶裥；缩拢；舒服地裹在里面；大口吃","He tucked his chin into his chest.他把下巴缩到胸前",
"tub","n. 浴盆；桶
vt. 把…装入桶；为…洗盆浴
vi. 洗盆浴；（衣服等）被放在桶里洗","The boy splashed in the tub.那个男孩在浴盆泼水。",
"trunk","n. 树干；躯干；象鼻；汽车车尾的行李箱
vt. 把…放入旅行箱内
adj. 干线的；躯干的；箱子的","The athlete has a powerful trunk.那个运动员身躯强壮有力。",
"tropical","adj. 热带的；热情的；酷热的","a lagoon that pullulated with tropical fish.聚满了热带鱼的咸水湖",
"troop","n. 军队；组；群；多数
vi. 群集；成群而行；结队
vt. 把（骑兵）编成骑兵连","The troops received orders to mobilize.部队接到了动员令。",
"trip","vi. 绊倒；远足??犯错误；轻快地走
n. 旅行；绊倒；差错
vt. 绊倒；使犯错","He apologized for the trip of the tongue.他为失言道了歉。",
"tribe","n. 部落；族；宗族；一伙","A nomadic tribe or group.游牧的部落或群体",
"treaty","n. 条约，协议；谈判","a prima facie violation of the treaty.对合约的明显违犯",
"treason","n. [法] 叛国罪；不忠","His actions touch on treason.他的行为近乎叛国。",
"transmit","vt. 传输；传播；发射；传达；遗传
vi. 传输；发射信号","Transmitted by sexual intercourse.通过性交传染的",
"transmission","n. 传动装置，[机] 变速器；传递；传送；播送","Fax: Abbreviation for facsimile transmission.See Facsimile.Fax:传真的简写。",
"transistor","n. 晶体管（收音机）","I need to buy a small transistor radio.我需要买一台小的半导体收音机。",
"tramp","vi. 流浪；践踏，踩；脚步沉重地行走
n. 流浪者；沉重的脚步声；徒步旅行
vt. 践踏，踩；走过","A tramp steamer.不定航线的不定期货船",
"tram","n. 电车轨道；煤车
vt. 用煤车运载
vi. 乘电车","The spindle is in tram.纺机锭子调整正确。",
"traitor","n. 叛徒；卖国贼；背信弃义的人","They dubbed him a traitor.他们叫他卖国贼。",
"trail","vt. 追踪；拖；蔓延；落后于
n. 小径；痕迹；尾部；踪迹
vi. 飘出；蔓生；垂下；拖曳","Her dress trailed on the ground.她的长裙拖地。",
"trace","vi. 追溯；沿路走
vt. 追踪，查探；描绘；回溯
n. 痕迹，踪迹；微量；[仪] 迹线；缰绳","The custom traces to a very early origin.这风俗由来很古。",
"toss","n. 投掷；摇荡；投掷的距离；掷币赌胜负
vt. 投掷；使…不安；突然抬起；使…上下摇动；与…掷币打赌
vi. 辗转；被乱扔；颠簸；掷钱币决定某事","Let's toss to see who pays the bill.让我们掷钱币决定谁来付帐。",
"torrent","n. 奔流；倾注；迸发；连续不断","It rains in torrents.大雨倾盆???",
"toe","n. 脚趾；足尖
vt. 用脚尖走；以趾踏触
vi. 动脚尖；用足尖跳舞","She turned her toes out.她把脚趾向外弯.",
"tiny","adj. 微小的；很少的","were cramped in the tiny cubicle.被关在这个小卧室中",
"timid","adj. 胆小的；羞怯的","He is always timid and overcautious.他总是胆小怕事。",
"tick","vt. 标记号于；滴答地记录
n. 滴答声；扁虱；记号；赊欠
vi. 发出滴答声；标以记号","The hours tick away.时光在滴答声中溜走。",
"throng","n. 人群；众多
vt. 群集；挤满
vi. 蜂拥而至；群集
adj. 拥挤的","A large gathering;a throng.人群一大群人;人群",
"thrive","vi. 繁荣，兴旺；茁壮成长","The markets are thriving in our country.我国市场繁荣。",
"thorn","n. 刺；[植] 荆棘","Barefoot must not go among thorn.赤脚莫向棘中行。",
"thermometer","n. 温度计；体温计","The thermometer registered 32C.温度计显示的读数为32C.",
"tenant","n. 承租人；房客；佃户；居住者
vt. 租借（常用于被动语态）","Recognizes the concerns of the tenants.确认房客们所关心的事",
"tempt","vt. 诱惑；引起；冒…的风险；使感兴趣","To entice; tempt.怂恿;诱使",
"tedious","adj. 沉闷的；冗长乏味的","The story is a wee bit tedious.这故事有些乏味。",
"tape","n. 胶带；磁带；带子；卷尺
vt. 录音；用带子捆扎；用胶布把…封住
vi. 用磁带录音","I taped a label on the box.我用胶布把一个标签黏贴在盒子上。",
"tan","n. （日晒后皮肤的）黝黑色；棕褐色；鞣料；马戏团
vt. 鞣（革）；晒成褐色
vi. 晒成棕褐色
adj. 黄褐色的；鞣皮的","I want to tan my back a bit more.我想把后背晒得再黑点儿.",
"synthetic","adj. 综合的；合成的，人造的
n. 合成物","This synthetic dress material does not crush.这种合成纤维衣料不会皱",
"Swiss","adj. 瑞士的；瑞士人的；瑞士风格的
n. 瑞士人；瑞士腔调","This is a Swiss made watch.这是一块???士产的手表。",
"sweep","vt. 扫除；猛拉；掸去
vi. 扫，打扫；席卷；扫视；袭击
n. 打扫，扫除；范围；全胜","A target vulnerable to sweeping gunfire.易受纵射的目标",
"sway","vt. 影响；统治；使摇动
vi. 影响；摇摆
n. 影响；摇摆；统治","The wind swayed the swing.风使秋千摇摆。",
"swarm","vi. 挤满；成群浮游；云集
n. 蜂群；一大群
vt. 挤满；爬","A riverBank swarming with insects.昆虫泛滥的河岸",
"swan","n. 天鹅；天鹅星座
vi. 游荡，闲荡","The swan glided across the lake.那只天鹅掠过湖面。",
"swamp","n. 沼泽；湿地
vt. 使陷于沼泽；使沉没；使陷入困境
vi. 下沉；陷入沼泽；陷入困境；不知所措（过去式swamped，过去分词swamped，现在分词swamping，第三人称单数swamps，名词swampiness，形容词swampy）","The swamp teems with mosquitoes.这片沼泽地蚊子多极了。",
"sustain","vt. 维持；支撑，承担；忍受；供养；证实","These facts sustain the theory.这些事实证实了这个理论。",
"suspend","vt. 延缓，推迟；使暂停；使悬浮
vi. 悬浮；禁赛","His license was suspended.他执照被吊销了。",
"sulphur","n. 硫磺；硫磺色
vt. 使硫化；用硫磺处理","Sulphur may poison a fuel cell. 硫会对燃料电池产生抑制作用。",
"succession","n. 连续；继位；继承权；[生态] 演替","There have been a succession of governments in Italy.意大利有一连串的政体。",
"submarine","n. 潜水艇；海底生物
adj. 海底的；水下的
vt. 用潜水艇攻击
vi. 在下疾行；在下滑动","The submarine rose to the surface.潜艇升到水面上来了。",
"stype","n. 药栓；药布","I stype which I likes, I also can to you extremely, extremely good! 是我喜欢的类型，我也会对你非常，非常好的！",
"stumble","vi. 踌躇，蹒跚；失足；犯错
vt. 使…困惑；使…绊倒
n. 绊倒；蹒跚而行","I stumbled on a rare book.我无意中发现了一本珍本书。",
"stroke","n. （游泳或划船的）划；中风；（打、击等的）一下；冲程；（成功的）举动；尝试；轻抚
vt. （用笔等）画；轻抚；轻挪；敲击；划尾桨；划掉；（打字时）击打键盘
vi. 击球；作尾桨手，指挥划桨；（打字时）击打键盘","Up two strokes in golf.在高尔夫球中领先其它选手两杆",
"stripe","n. 条纹，斑纹；种类
vt. 加条纹于…","A zebra is marked with stripes.斑马身上有条纹。",
"strip","vt. 剥夺；剥去；脱去衣服
n. 带；条状；脱衣舞
vi. 脱去衣服","Narrow,flat strips of pasta.扁平的意大利细面条",
"straw","n. 稻草；吸管；一文不值的东西
adj. 稻草的；无价值的","The straw mattresses are airing there.草褥子正在那里晾着。",
"strap","vt. 用带捆绑；用皮条抽打；约束
n. 带；皮带；磨刀皮带；鞭打
vi. 精力旺盛地工作；受束缚","He had a gun strapped to his middle.他腰间系着枪。",
"strain","n. 张力；拉紧；负担；??伤；血缘
vi. 拉紧；尽力
vt. 拉紧；滥用；滤去；竭力","The dog strained at its leash.狗猛拉拴它的绳",
"storey","n. [建] 楼层；叠架的一层","The upper storey projects over the street.二楼伸出街面。",
"stoop","vi. 弯腰；屈服；堕落
n. 弯腰，屈背；屈服
vt. 辱没，堕落；俯曲","I wouldn't stoop to borrowing money.我不愿厚着脸皮向人借钱。",
"stool","n. 凳子；粪便；厕所
vi. 长新枝；分檗
vt. 引诱，诱捕","She fell over the stool.她被凳子绊倒了。",
"stony","adj. 无情的；多石的；石头的","Two of the tyres punctured on the stony road.有两个车胎在碎石路上扎破了.",
"stock","n. 股份，股票；库存；血统；树干
adj. 存货的，常备的；平凡的
vt. 进货；备有；装把手于…
vi. 囤积；办货；出新芽","Raw stock: Base paper before coating.原纸:未加涂层的基纸。",
"stitch","n. 针脚，线迹；一针
vt. 缝，缝合
vi. 缝，缝合","To pad and stitch ornamentally.用垫料填塞装饰性地加以衬垫和缝制",
"stir","n. 搅拌；轰动
vt. 搅拌；激起；惹起
vi. 搅动；传播；走动","A gentle breeze stirred the leaves.微风吹动了树叶.",
"sting","n. 刺痛；讽刺，刺激；刺毛
vt. 刺；驱使；使…苦恼；使…疼痛
vi. 刺痛；被刺痛；感到剧痛","The Bee stung her leg.蜜蜂刺痛了她的腿。",
"stiff","adj. 呆板的；坚硬的；严厉的；拘谨的
adv. 僵硬地；彻底地
n. 死尸；令人讨厌者；流通票据；劳动者
vt. 诈骗；失信","He poured himself a stiff whisky.他给自己倒了一杯烈性威士忌酒。",
"stern","n. 船尾；末端
adj. 严厉的；坚定的","The stern mother has gained the upper hand of the family.这位严厉的母亲掌管了全家。",
"stem","n. 干；茎；船首；血统
vt. 阻止；除去…的茎；给…装柄
vi. 阻止；起源于某事物；逆行","Pack a valve stem.扎好活门塞",
"steer","vt. 控制，引导；驾驶
vi. 驾驶，掌舵；行驶
n. 阉牛","?I'll take a turn at the steering-wheel.该轮到我来驾驶了.",
"steep","adj. 陡峭的；不合理的；夸大的；急剧升降的
vt. 泡；浸；使…充满
vi. 泡；沉浸
n. 峭壁；浸渍","The car labored up the steep hill.车子吃力地向陡峭的山上开去。",
"steam","vt. 蒸，散发；用蒸汽处理
n. 蒸汽；精力
vi. 蒸，冒水汽
adj. 蒸汽的","We were steaming along at50mph.我们靠蒸汽动力以每小时。",
"startle","vt. 使吓一跳；使惊奇
vi. 惊吓；惊跳；惊奇
n. 惊愕；惊恐","He startled from sleep.他从睡梦中惊醒起来。",
"stale","adj. 陈腐的；不新鲜的
vi. 变陈旧；撒尿；变得不新鲜
vt. 使变旧；变得不新鲜
n. 尿","The stale air made us suffocate.浑浊的空气使我们感到窒息。",
"stake","n. 桩，棍子；赌注；火刑；奖金
vt. 资助，支持；系…于桩上；把…押下打赌
vi. 打赌","He plays at cards for high stakes.他下很大的赌注玩纸牌。",
"staircase","n. 楼梯","This staircase leads up to the roof.楼梯一直通往楼顶。",
"stain","vt. 沾污；败坏；给…着色
vi. 污染；被沾污；被染污
n. 污点；瑕疵；着色剂","vital dyes;vital staining.活体染剂;活体染色",
"stab","vt. 刺；刺伤；戳；刺穿；直入
vi. 刺；刺伤；戳；刺痛
n. 刺；戳；尝试；突发的一阵","I was stabbed with remorse.我因悔恨而心如刀割。",
"squirrel","n. 松鼠；松鼠毛皮
vt. 贮藏","Squirrels and hedgehogs hibernate.松鼠和猬是冬眠动物。",
"spur","n. 鼓舞，刺激；马刺；山坡
vi. 骑马疾驰；给予刺激
vt. 激励，鞭策；给…装踢马刺","To impel as if with a spur; urge on.鞭策似用刺激物驱赶;怂恿",
"sprinkle","n. 撒，洒；少量
vt. 洒；微雨；散置
vi. 洒，撒；下稀疏小雨；喷撒","Grandma sprinkle the flowers with water.祖母将水洒在花上。",
"spoon","n. 匙，勺子；一杓的量
vt. 用匙舀；使成匙状
vi. 轻轻向上击","The child eats with a spoon.这孩子用调???吃。",
"spontaneous","adj. 自发的；自然的；无意识的","The eruption of a volcano is spontaneous.火山爆发是自发的。",
"spin","vi. 旋转；纺纱；吐丝；晕眩
vt. 使旋转；纺纱；编造；结网
n. 旋转；疾驰","The earth spins on its axis.地球绕地轴旋转。",
"sphere","n. 范围；球体
vt. 包围；放入球内；使…成球形
adj. 球体的","A sphere of ecclesiastical authority.管辖教会权力的范围",
"sparrow","n. 麻雀；矮小的人","The sparrow perked up its tail.麻雀竖起尾巴。",
"span","n. 跨度，跨距；范围
vt. 跨越；持续；以手指测量","The arch has a span of 60 metres.那个拱的跨度为60米.",
"spade","n. 铁锹，铲子
vt. 铲；把……弄实抹平
vi. 铲","I bid four spades.我叫四黑桃",
"sow","vt. 播种；散布；使密布
vi. 播种
n. 母猪","The sea was sown with mines.海中布满了雷。",
"Soviet","adj. 苏维埃的；苏联的；苏联人的
n. 苏维埃；苏联政府；苏联人","I look up and see the Soviet flag on the moon.我抬头看见苏联的国旗在月球上飘扬。",
"sour","adj. 酸的；发酵的；刺耳的；酸臭的；讨厌的
vi. 发酵；变酸；厌烦
vt. 使变酸；使失望
n. 酸味；苦事","Their relationship soon went sour.他们的关系不久就变坏了.",
"sore","adj. 疼痛的，痛心的；剧烈的，极度的；恼火的，发怒的；厉害的，迫切的
n. 溃疡，痛处；恨事，伤心事","Patience is a plaster for all sores.忍耐可以减轻一切痛苦。",
"soluble","adj. [化学] 可溶的，可溶解的；可解决的","To wash or percolate the soluble matter from.沥滤从……中洗去或滤去可溶性物质",
"sober","adj. 冷静的，清醒的；未醉的
vt. 使严肃；使醒酒，使清醒","He slept himself sober.他藉睡眠于自己清醒。",
"soak","vt. 吸收，吸入；沉浸在（工作或学习中）；使……上下湿透
vi. 浸泡；渗透
n. 浸；湿透；大雨","He is an old soak.他是一个老酒鬼。",
"sly","adj. 狡猾的；淘气的；诡密的","Monty is a sly boots.他是个二流喜剧演员",
"slum","vi. （为猎奇或救济等）去贫民窟
n. 贫民窟；陋巷；脏乱的地方","He lived in a sordid slum.他生活在一个污秽的贫民窟。",
"slope","n. 斜坡；倾斜；斜率；扛枪姿势
vi. 倾斜；逃走
vt. 倾斜；使倾斜；扛","Let's slide down this grassy slope.我们顺着草坡滑下去吧。",
"slit","vt. 撕裂；使有狭缝
n. 裂缝；投币口
vi. 纵裂","He slit open the letter with a knife.他用小刀把信拆开。",
"slippery","adj. 滑的；狡猾的；不稳定的","A slippery sidewalk.打滑的人行道",
"slice","n. 薄片；部分；菜刀，火铲
vt. 切下；把…分成部分；将…切成薄片
vi. 切开；割破","Slice off a piece of salami.切下一薄片意大利腊肠",
"slender","adj. 细长的；苗条的；微薄的","A slender chance of survival.渺茫的生存机会",
"sleeve","n. [机] 套筒，[机] 套管；袖子，[服装] 袖套
vt. 给……装袖子；给……装套筒","She wetted her sleeves with tears.她泪沾衫袖。",
"slam","vt. 砰地关上；猛力抨击
vi. 砰地关上；猛力抨击
n. 猛击；砰然声","He threw his books down with a slam.他砰然一声将书摔在桌上。",
"sketch","n. 素描；略图；梗概
vt. 画素描或速写
vi. 画素描或速写","a freehand sketch.徒手画的草图",
"singular","adj. 单数的；单一的；非凡的；异常的
n. 单数","He has a singular interest in science.他对科学特别有兴趣。",
"shriek","vi. 尖叫；促人注意
vt. 尖声发出
n. 尖声；尖锐的响声","a ghastly shriek.恐怖的尖叫。",
"shilling","n. 先令","He bought it for five shillings.他花了五先令买它。",
"shed","vt. 流出；摆脱；散发；倾吐
vi. 流出；脱落；散布
n. 小屋，棚；分水岭","A duck's back sheds water.鸭背不沾水。",
"shave","vi. 剃须，剃毛
vt. 剃，削去；修剪；切成薄片；掠
n. 刮脸，剃胡子；修面；<口>侥幸逃过，幸免；剃刀，刮刀","My father shaves every day.我父亲每天都刮脸。",
"shear","vt. 剪；修剪；剥夺
vi. 剪；剪切；修剪
n. [力] 切变；修剪；大剪刀","The mansion is shorn of its splendors.该公馆已失去豪华景象。",
"shampoo","n. 洗发；洗发精
vt. 洗发","Shampoo and set, please.请替我洗发和卷发。",
"series","n. 系列，连续；[电] 串联；级数；丛书","One of a series of waves or wavelike segments.一系列波或波状部分之一",
"semiconductor","n. [电子][物] 半导体","In semiconductor receivers transistors take the place of vacuum tubes. 在半导体收音机中晶体管代替了真空管。",
"seal","n. 密封；印章；海豹；封条；标志
vt. 密封；盖章
vi. 猎海豹","Her fate is sealed.她的命运已定.",
"scrape","n. 刮掉；擦痕；困境；刮擦声
vt. 刮；擦伤；挖成
vi. 刮掉；刮出刺耳声","The bow scrapes the fiddle.弓在提琴上拉出刺耳的声音。",
"scout","n. 搜索，侦察；侦察员；侦察机
vt. 侦察；跟踪，监视；发现
vi. 侦察；巡视；嘲笑","We'd better start scouting about for a new secretary.我们最好着手物色一个新秘书.",
"scorn","n. 轻蔑；嘲笑；藐视的对象
vt. 轻蔑；藐视；不屑做
vi. 表示轻蔑；表示鄙视","To show contempt for;scorn.表示轻蔑;蔑视",
"scissors","n. 剪刀；剪式跳法
v. 剪开；删除（scissor的第三人称单数）","A right-handed pair of scissors.一把右手用的剪刀",
"scent","n. 气味；嗅觉；痕迹；察觉能力
vt. 闻到；发觉；使充满…的气味；循着遗臭追踪
vi. 发出…的气味；有…的迹象；嗅着气味追赶","I need some scented deodorant.我需要有香味的除体臭剂。",
"scatter","vi. 分散，散开；散射
vt. 使散射；使散开，使分散；使散播，使撒播
n. 分散；散播，撒播","Clouds were scattered by the wind.风起云散。",
"scarf","n. 围巾；嵌接，嵌接处；头巾领巾
vt. 披嵌接；用围巾围","Wrap a scarf round your neck.把围巾围在你的脖子上.",
"scarce","adj. 缺乏的，不足的；稀有的
adv. 仅仅；几乎不；几乎没有","Strawberries are scarce this year.缚琴拉出刺耳声音的初学者。",
"scale","n. 规模；比例；鳞；刻度；天平；数值范围
vi. 衡量；攀登；剥落；生水垢
vt. 测量；攀登；刮鳞；依比例决定","To come off in scales or layers;flake.剥落成鳞片状脱落;剥落",
"sausage","n. 香肠；腊肠；装香肠的碎肉","I personally vote for fried sausages.我个人还是赞成炸香肠。",
"saucer","n. 茶托，浅碟；浅碟形物；眼睛","She offer me tea in her best cup and saucer.她用她最好的茶杯和茶碟请我用茶。",
"sauce","n. 酱油；沙司；调味汁
vt. 使增加趣味；给…调味","A spicy tomato sauce.辛辣的蕃茄酱",
"sake","n. 目的；利益；理由；日本米酒","Hey! For goodness sake.嗨！看在上帝份上。",
"saint","n. 圣人；圣徒；道德崇高的人
adj. 神圣的
vt. 成为圣徒","The saint had a lowly heart.圣人有谦诚之心。",
"sack","n. 麻布袋；洗劫
vt. 解雇；把……装入袋；劫掠","Lydia got the sack last week.莉迪亚上周被解雇了",
"rusty","adj. 生锈的，腐蚀的；铁锈色的，锈色的；迟钝的","The soils have a rusty red tint.那里的土壤呈锈红色。",
"rug","n. 小地毯；毛皮地毯；男子假发","The mud spotted the rug.泥污弄脏了地毯。",
"rouse","vt. 唤醒；激起，使振奋；惊起
vi. 醒来；奋起
n. 觉醒；奋起","It rouses my bile to see him.看见他我就怒不可遏。",
"rotation","n. 旋转；循环，轮流","An erotic rotation of the pelvis.淫荡地晃动卖弄色相地扭动臂部的动作",
"rotate","vi. 旋转；循环
vt. 使旋转；使转动；使轮流
adj. [植] 辐状的","The revolving door has begun to rotate.旋转门开始转动。",
"rotary","adj. 旋转的，转动的；轮流的
n. 旋转式机器；[动力] 转缸式发动机","Torque is the rotary effort required to operate a valve.扭??是操作阀门所需要的旋转作用。",
"rot","n. 腐烂；腐败；腐坏
vi. 腐烂；腐败；堕落
vt. 使腐烂；使腐朽；使堕落
int. （表示厌恶、蔑视、烦恼等）胡说；糟了","He is only rotting.他只是在胡说。",
"roller","n. [机] 滚筒；[机] 滚轴；辊子；滚转机","Hm,the roller coaster let me see.过山车",
"rod","n. 棒；惩罚；枝条；权力","A rod used for flogging.笞杖用来鞭笞人的杖",
"robe","n. 长袍，礼服；制服
vi. 穿长袍
vt. 使穿长袍","A white robe is an emblem of purity.白袍是纯洁的象征",
"rival","n. 对手；竞争者
vt. 与…竞争；比得上某人
vi. 竞争
adj. 竞争的","Ships can't rival aircraft for speed.船的速度不能跟飞机比。",
"ripe","adj. 熟的，成熟的；时机成熟的
vt. 搜查；调查
vi. 进行搜查","The corn is ripe.玉米成熟了。",
"rifle","n. 步枪；来复枪
vt. 用步枪射击；抢夺；偷走","The rifle carries almost a mile.这枪能射差不多一英里远。",
"riddle","vt. 解谜；给...出谜；充满于
n. 谜语；粗筛；谜一般的人、东西、事情等
vi. 出谜","The affair rests a riddle.这件事仍然是个谜。",
"rib","n. 肋骨；排骨；肋状物
vt. 戏弄；装肋于","A stick in the riBs.肋骨上的一戳",
"reverse","n. 背面；相反；倒退；失败
vt. 颠倒；倒转
adj. 反面的；颠倒的；反身的
vi. 倒退；逆叫","The driver bumped the kerb while reversing.颠簸而行",
"retreat","n. 撤退；休息寓所；撤退
vi. 撤退；退避；向后倾
vt. 退（棋）；使后退","A brave retreat is a brave exploit.勇敢的退却也是勇敢的行为。",
"retell","vt. 复述；再讲；重述","Now try to retell the text.现在请复述课文。",
"restrict","vt. 限制；约束；限定","The trees restrict our view.这些树局限了我们的视野。",
"restraint","n. 抑制，克制；约束","His rage was Beyond restraint.他怒不可遏。",
"restrain","vt. 抑制，控制；约束；制止","Couldn't restrain the tears.禁不住掉眼泪",
"resort","n. 凭借，手段；度假胜地；常去之地
vi. 求助，诉诸；常去；采取某手段或方法","The resort was crawling with tourists.此度假胜地挤满了游客。",
"resolution","n. [物] 分辨率；决议；解决；决心","The resolution was carried nem con.决议案获一致通过.",
"resistant","adj. 抵抗的，反抗的；顽固的
n. 抵抗者","Heat-resistant acrylic adhesives.耐热的丙烯酸粘接剂",
"resign","vt. 辞职；放弃；委托；使听从
vi. 辞职
n. 辞去职务","I have no intention of resigning .我没有辞职的意图。",
"residence","n. 住宅，住处；居住","It was a bijou residence.这间居室小巧雅致。",
"reproach","n. 责备；耻辱
vt. 责备；申斥","To reprove sharply;reproach.尖锐地批评;责备",
"repetition","n. 重复；背诵；副本","Repetition helps learning.背诵有助于学习。",
"repent","vi. 后悔；忏悔
vt. 后悔；对…感到后悔
adj. [植] 匍匐生根的；[动] 爬行的","He repented of his wickedness.他痛悔自己的邪恶行为。",
"render","vt. 致使；提出；实施；着色；以…回报
vi. 给予补偿
n. 打底；交纳；粉刷","To render indefinite or unspecific.使概括使不确定或不具体",
"remarkable","adj. 卓越的；非凡的；值得注意的","His art of healing is remarkable.他的医术是很高明的。",
"reliance","n. 信赖；信心；受信赖的人或物","We must lay stress on self reliance.我们必须强调自力更生。",
"rejoice","vi. 高兴；庆祝
vt. 使高兴","We partake in the general rejoicing.我们分享共同的欢乐。",
"reinforce","vt. 加强，加固；强化；补充
vi. 求援；得到增援；给予更多的支持
n. 加强；加固物；加固材料","The army will need to be reinforced.部队将需要增援。",
"rein","n. 缰绳；驾驭；统治；支配
vt. 控制；驾驭；勒住
vi. 勒住马","flailed our horses with the reins.用缰绳拍打我们的马",
"reign","vi. 统治；支配；盛行；??临
n. 统治；统治时期；支配","After the storm,quietness reigned.风暴过后是一片寂静。",
"rehearsal","n. 排演；预演；练习；训练；叙述","We have no rehearsal.我们没有举行预演。",
"region","n. 地区；范围；部位","This region is one in which a lot of cereal is grown.这个地区种植了许多谷类作物。",
"refute","vt. 反驳，驳斥；驳倒","You can easily refute his argument.你可以很容易驳倒他的论据。",
"refuge","n. 避难；避难所；庇护
vt. 给予…庇护；接纳…避难
vi. 避难；逃避","Bashi stayed on in the refuge.八喜就在收容所里呆下去了。",
"reflexion","n. 反射；反射作用（等于reflection）","I use a specular map, reflexion map, and bump map(pictures below from left to right) for her skin, too. 我还使用了一张高光贴图、反射贴图和凹凸贴图赋予皮肤。",
"reel","vi. 卷；眩晕；蹒跚地走；退缩
vt. 卷；使旋转
n. 蹒跚；眩晕；旋转","The fisherman is reeling up his line.捕鱼的人正在收绕钓丝。",
"reed","n. [作物] 芦苇；簧片；牧笛；不可依靠的人
vt. 用芦苇盖；用芦苇装饰","A 16-foot reed stop on an organ.风琴的十六音步簧。",
"recollect","v. 回忆，想起","I am trying to recollect a forgotten address.我在努力回忆一个遗忘了的地址。",
"receipt","n. 收到；收据；收入
vt. 收到","The expenses balance the receipts.收支平衡",
"rear","vt. 培养；树立；栽种
vi. 暴跳；高耸
adv. 向后；在后面
adj. 后方的；后面的；背面的
n. 后面；屁股；后方部队","The rear quarter vent is damaged.后三角玻璃通风窗已经损坏。",
"realm","n. 领域，范围；王国","Beyond the realm of human comprehension;inscrutable.神秘的超出人类理解范围的;不可理解的",
"razor","vt. 剃，用剃刀刮
n. 剃刀","Disposable diapers;disposable razors.免洗尿布;一次性剃刀",
"rational","adj. 合理的；理性的
n. 有理数","Rational Behavior.理智的行为",
"rake","vi. 搜索；用耙子耙；掠过，擦过
vt. 倾斜；搜索；掠过；用耙子耙
n. 耙子；斜度；钱耙；放荡的人，浪子","The sea rakes against the shore.海浪冲刷海岸。",
"rail","n. 铁轨；扶手；横杆；围栏
vi. 抱怨；责骂
vt. 铺铁轨；以横木围栏","He leant on the railing.他斜倚栏杆。",
"raid","n. 袭击；突袭；搜捕；抢劫
vi. 对…进行突然袭击
vt. 袭击，突袭","To raid,as in war;sack or pillage.如在战争中攻击;掠夺抢劫",
"rage","n. 愤怒；狂暴，肆虐；情绪激动
vi. 大怒，发怒；流行，风行","He emitted a roar of rage.他发出愤怒的吼叫。",
"rag","n. 破布；碎屑
vt. 戏弄；责骂
vi. 变破碎；穿着讲究","A ragged performance.不佳的表演",
"radish","n. 萝卜，小萝卜","She carved a flower out of a radish. 她把萝卜刻成一朵花。",
"racket","n. 球拍；吵闹，喧闹
vt. 过着花天酒地的生活
vi. 过着花天酒地的生活","He has strung his tennis racket.他已将网球拍的弦上好了。",
"rack","n. [机] 齿条；行李架；拷问台
vi. 变形；随风飘；小步跑
vt. 折磨；榨取","A Buck with a handsome rack.一只有美丽鹿角的雄鹿",
"quotation","n. [贸易] 报价单；引用语；引证","We accept the lowest quotation.我们接受了最低报价。",
"quiz","n. 考查；恶作剧；课堂测验
vt. 挖苦；张望；对…进行测验","Test your knowledge with this quiz.用这个测验来考考你的知识。",
"quilt","n. 被子；棉被
vt. 东拼西凑地编；加软衬料后缝制
vi. 缝被子","I fold my quilt.我叠好棉被。",
"queer","adj. 奇怪的；同性恋的；不舒服的；心智不平衡的
vt. 搞糟；使陷于不利地位
n. 同性恋者；怪人；伪造的货币","He's an awkward/queer old cuss.他是个笨手笨脚的[古里古怪的]家伙.",
"quart","n. 夸脱（容量单位）；一夸脱的容器","He drank a quart of milk.他喝了一夸脱牛奶。",
"pursuit","n. 追赶，追求；职业，工作","He is in pursuit of her.他正在追求她。",
"pursue","vt. 继续；从事；追赶；纠缠
vi. 追赶；继续进行","Pursue lofty political goals.追求崇高的政治目标",
"purse","n. (女士)手提袋；(国家、家庭、团体等的) 财力","This purse contains much money.这钱包里有很多钱。",
"puppet","n. 木偶；傀儡；受他人操纵的人","The children staged an entertaining puppet show.孩子们表演了一场十分有趣的木偶戏",
"pupil","n. 学生；[解剖] 瞳孔；未成年人","There are 300 pupils under instruction.有三百名学生上课。",
"punch","n. 冲压机；打洞器；钻孔机
vt. 开洞；以拳重击
vi. 用拳猛击","The punch was spiked with rum.潘趣酒中被搀入了朗酒",
"puff","vt. 喷出，张开；使膨胀；夸张；使骄傲自满
vi. 膨胀；张开；鼓吹；夸张
n. 粉扑；泡芙；蓬松；一阵喷烟；肿块；吹嘘，宣传广告","The parachute puffed all around.降落伞噗地张开了。",
"pudding","n. 布丁","He ate every bit of the pudding.他把布丁全吃了。",
"provision","n. 规定；条款；准备；[经] 供应品
vt. 供给…食物及必需品","Provision of support or livelihood.生计维持或谋生的必需品",
"protest","vi. 抗议；断言
vt. 抗议；断言
n. 抗议
adj. 表示抗议的；抗议性的","fervent protests;a fervent admirer.强烈的抗议;热烈的爱慕者",
"prosperous","adj. 繁荣的；兴旺的","A prosperous moment to make a decision.做决定的有利时机",
"prosperity","n. 繁荣，成功","Shanghai has not yet reached the zenith of her prosperity.上海尚未达到繁荣的顶点。",
"prospect","n. 前途；预期；景色
vi. 勘探，找矿
vt. 勘探，勘察","A formidable prospect lies ahead of him.他的前景令人忧惧。",
"proportion","n. 比例；部分；面积；均衡
vt. 使成比例；使均衡；分摊","The designs in that rug are well proportioned.那地毯上的图案设计非常协调。",
"prominent","adj. 突出的，显著的；杰出的；卓越的","He became a prominent attorney.他成了有名的律师。",
"proceed","vi. 开始；继续进行；发生；行进","Preparations proceeded night and day.准备工作在日夜进行。",
"prisoner","n. 囚犯，犯人；俘虏；刑事被告","The prisoner was kept in fetters.犯人戴着脚镣.",
"prior","adj. 优先的；在先的，在前的
adv. 在前，居先","A prior consideration.优先考虑",
"primitive","adj. 原始的，远古的；简单的，粗糙的
n. 原始人","His art is primitive and provincial.他的艺术原始而粗野。",
"priest","n. 牧师；神父；教士
vt. 使成为神职人员；任命…为祭司","Buddhist priests shave their heads.和尚都剃光头.",
"prevail","vi. 盛行，流行；战胜，获胜","My idea prevailed over his.我的主意比他的好。",
"preposition","n. 介词；前置词","&quot;Out&quot; is also used as a preposition.""Out""也被用作介词。",
"premier","adj. 第一的；最初的
n. 总理，首相","Japan's premier names new cabinet.日本首相任??新内阁。",
"preliminary","n. 准备；预赛；初步措施
adj. 初步的；开始的；预备的","We have include some of the preliminary findings.我们的报告包括了一些初步调查结果。",
"preferable","adj. 更好的，更可取的；更合意的","M appears preferable to N.看来M比N更为可取。",
"preface","n. 前言；引语
vt. 为…加序言；以…开始
vi. 作序","He wrote a preface to the play.他为剧本写了前言。",
"precision","n. 精度，[数] 精密度；精确
adj. 精密的，精确的","Precision BomBing.精确的轰炸",
"preceding","adj. 在前的；前述的
v. 在...之前（precede的ing形式）","A major precedes a captain.少校级别高于上尉。",
"precaution","n. 预防，警惕；预防措施
vt. 警惕；预先警告","safety precautions;safety rules.安全预防措施;安全条例",
"praise","n. 赞扬；称赞；荣耀；崇拜
vt. 赞美，歌颂；表扬
vi. 赞美；赞扬","He is entitled to high praise.他值得高度讴歌。",
"pot","n. 壶；盆；罐
vt. 把…装罐；射击；节略
vi. 随手射击","The lid of this jam pot won't unscrew.这果酱罐的盖子拧不开.",
"Portuguese","adj. 葡萄牙的；葡萄牙人的；葡萄牙语的
n. 葡萄牙语；葡萄牙人","Two eggs halfboiled and portuguese sausage.二个半熟水煮蛋及葡萄牙香肠。",
"portrait","n. 肖像；描写；半身雕塑像","This is a picture/portrait of Jeremy's.这是杰里米收藏的画",
"portion","n. 部分；一份；命运
vt. 分配；给…嫁妆","We must all accept our portion in life.我们都得安于天命。",
"pork","n. 猪肉
vt. 与女子性交","I want some pork.我买一些猪肉。",
"porch","n. 门廊；走廊","Put the umbrella on the porch to drain.把伞放在门廊上去滴干。",
"pop","n. 流行音乐；汽水；砰然声；枪击
vi. 突然出现；爆开；射击；瞪大；发出爆裂声
vt. 取出；开枪打；抛出；突然伸出；突然行动
adj. 流行的；通俗的；热门的
adv. 突然；砰地
abbr. 邮局协议（post office protocol）","She was pop-eyed with amazement.她惊奇得瞪着眼发愣.",
"plural","adj. 复数的
n. 复数","The letter “s” terminates most plural nouns. 大多数复数名词以字母“S”结尾。",
"plunge","n. 投入；跳进
vi. 突然地下降；投入；陷入；跳进
vt. 使陷入；使投入；使插入","He plunged into the water.他纵身跳入水中。",
"pluck","n. 勇气；内脏；快而猛的拉
vt. 摘；拔；扯
vi. 拉；拽；扯","To pluck the feathers from.拔毛从…拔掉羽毛",
"plough","vt. 犁；耕
vi. 用犁耕田；开路
n. 犁；耕地（等于plow）","This is a soil reluctant to the plough.这土地很难耕作。",
"plastic","adj. 塑料的；（外科）造型的；可塑的
n. 塑料制品；整形；可塑体","The plastic art of sculpture.雕塑艺术",
"plaster","n. 石膏；灰泥；膏药
vt. 减轻；粘贴；涂以灰泥；敷以膏药；使平服","This plaster will help your wound.这种膏药能治好你的伤。",
"plantation","n. 栽植；殖民；大农场
adj. 适用于种植园或热带、亚热带国家的","The master of a large tea plantation.大茶叶种植园的主人",
"pitch","vi. 倾斜；投掷；搭帐篷；坠落
vt. 投；掷；定位于；用沥青涂；扎营；向前倾跌
n. 沥青；音高；程度；树脂；倾斜；投掷；球场","Let's pitch out the troublemakers.把这些捣乱分子赶出去.",
"pit","n. 矿井；深坑；陷阱；（物体或人体表面上的）凹陷；（英国剧场的）正厅后排；正厅后排的观众
vt. 使竞争；窖藏；使凹下；去…之核；使留疤痕
vi. 凹陷；起凹点","The car detoured round the bomb pits.汽车绕过了弹坑。",
"pipeline","n. 管道；输油管；传递途径","New laws to deal with this abuse are in the pipeline.正在制定处理这种弊端的新法令.",
"pioneer","n. 先锋；拓荒者
vt. 开辟；倡导；提倡
vi. 作先驱","The pioneer myth of suburBia.郊区拓荒者的传奇",
"pine","vi. 渴望，痛苦；憔悴
n. [林] 松树；凤梨，菠萝
vt. 为…悲哀；哀悼
adj. 松木的；似松的","The scent of pine needles.松树针尖的气味",
"pinch","vt. 捏；勒索；使苦恼；掐掉某物，修剪
n. 匮乏；少量；夹痛
vi. 夹痛；节省","The gardener is pinching off the young shoots.花匠正在掐掉嫩枝。",
"pin","n. 大头针，别针，针；栓；琐碎物
vt. 钉住；压住；将……用针别住","The pin on which a rudder turns.舵栓牵引桨的部分",
"pillow","n. 枕头
vt. 垫；枕于…；使…靠在
vi. 枕着头；靠在枕上","A removable covering for a pillow.枕套枕头可拆下的外套",
"pillar","n. 柱子，柱形物；栋梁；墩
vt. 用柱支持","A vine wraps round the pillar.藤蔓缠绕着那柱子。",
"photographic","adj. 摄影的；逼真的；（尤指记忆）详细准确的","A sharp photographic image.清晰的影象",
"phase","n. 相；阶段；[天] 位相
vt. 使定相；逐步执行
vi. 逐步前进","A phase or an aspect of a logically developing process.契机一个按逻辑发展过程的阶段或方面",
"perspective","n. 观点；远景；透视图
adj. 透视的","He lacks perspective.他缺乏洞察力。",
"personnel","n. 人事部门；全体人员
adj. 人员的；有关人事的","The personnel so selected.被选派的人员",
"perceive","vt. 察觉，感觉；理解；认知
vi. 感到，感知；认识到","To perceive incorrectly;misunderstand.误解不正确的理解;误解",
"pepper","n. 胡椒；辣椒；胡椒粉
vt. 加胡椒粉于；使布满","Mustard and pepper bite the tongue.芥末和胡椒粉刺痛舌头。",
"peninsula","n. 半岛","Dalian is in the south of the Liaodong Peninsula. 大连位于辽东半岛南部。",
"penetrate","vt. 渗透；穿透；洞察
vi. 渗透；刺入；看透","My suggestion didn't penetrate.我的建议没有被了解。",
"peep","n. 偷看；隐约看见，瞥见
vi. 窥视；慢慢露出，出现；吱吱叫
vt. 使出现","We set off at the peep of day.我们黎明时出发。",
"peel","v. 剥，剥??；削
n. 皮","Please peel this Banana.请剥开这只香蕉的皮。",
"peculiar","adj. 特殊的；独特的；奇怪的；罕见的
n. 特权；特有财产","He has a peculiar idiom.他有独特的习惯用语。",
"pebble","n. 卵石；水晶透镜
vt. 用卵石铺","The street was paved with pebbles.这条街用鹅卵石铺成。",
"peasant","n. 农民；乡下人","He is a real peasant.他是一个十足的乡巴佬。",
"pearl","n. 珍珠；珍珠色；杰出者；珍品
adj. 镶珍珠的；珍珠状的
vi. 采珍珠；成珍珠状
vt. 使成珠状；用珍珠装饰；使呈珍珠色","Rain pearled down the window.雨水象珠子一样沿窗子滚下。",
"pea","n. 豌豆","Two hams with pea.给来两个火腿加豌豆",
"pat","adj. 恰好的；熟练的；合适的
adv. 恰好；熟记地
n. 轻拍；小块；轻拍声
vt. 轻拍
vi. 轻拍","Play me Pat Simon's latest disc.给我放些派特・赛门最近灌制的唱片。",
"pastime","n. 娱乐，消遣","I often travel as a pastime.我常常以???行作为消遣。",
"paste","vt. 张贴，裱糊；用浆糊粘
n. 面团，膏；糊状物，[胶粘] 浆糊","Tooth paste comes in tubes.牙膏(一般)是装在管子里的.",
"paradise","n. 天堂
至福境地","Hawaii is called an island paradise.夏威夷被称为海岛乐园。",
"pant","vi. 喘息；渴望；气喘吁吁地说出某事
vt. 气喘
n. 气喘；喘息；喷气声","togged herself in ski pants.她穿上了滑雪裤",
"pane","n. 窗格；边；面；窗格玻璃；嵌板
vt. 装窗玻璃于；镶嵌板于","He blew on the window pane.他往玻璃窗上哈气。",
"palm","n. 手掌；棕榈树；掌状物
vt. 将…藏于掌中","The waiter held a tray on his palm.服务员手托托盘。",
"pail","n. 桶，提桶","empty the ashes into a pail.把灰倒进桶里",
"packet","n. 数据包，信息包；小包，小捆
vt. 包装，打包","Put the packet up on the top shelf.把这个包放到架子顶格上去.",
"pacific","adj. 和平的；温和的；平静的","In the mid Pacific.在太???洋中央",
"ox","n. 牛；公牛","They sacrificed an ox to Jupiter.他们用公牛祭朱庇特。",
"owl","n. 猫头鹰；枭；惯于晚上活动的人","Don't be such a silly owl.别做那样的傻事。",
"overtake","vt. 赶上；压倒；突然来袭
vi. 超车","The murderer was overtaken in his crime.杀人犯当场被捕。",
"outset","n. 开始；开端","From the outset it was clear that he was guilty.一开始就很清楚他有罪.",
"outlet","n. 出口，排放孔；[电] 电源插座；销路；发泄的方法；批发商店","Clean the sink outlet.清除洗涤槽出水口的污物。",
"orphan","adj. 孤儿的；无双亲的
n. 孤儿
vt. 使成孤儿","Mr. Kern adopted the orphan as his own son.克恩先生将那孤儿收养为自己的儿子。",
"ornament","n. 装饰；[建][服装] 装饰物；教堂用品
vt. 装饰，修饰","The baroque style is rich in ornament.巴罗克风格极具装饰性.",
"oriental","adj. 东方的；东方人的
n. 东方人","An oriental ruby.上等的红宝??",
"organic","adj. [有化] 有机的；组织的；器官的；根本的","Red soil lacks organic matter.红土缺乏有机质。",
"ore","n. 矿；矿石","They refined the gold out of the ore.他们从矿石中提炼金。",
"orchestra","n. 管弦乐队；乐队演奏处","The amateur orchestra played the National Anthem.那支业余管弦乐队演奏了国歌。",
"oppress","vt. 压迫，压抑；使……烦恼；使……感到沉重","The heat oppressed him and made him ill.他热得病了。",
"omit","vt. 省略；遗漏；删除；疏忽","Don't omit a single detail.一点细节也不要漏掉。",
"odour","n. 气味；声誉","A pungent odour met their nostrils. 他们闻到一种刺鼻的气味。",
"occurrence","n. 发生；出现；事件；发现","A noteworthy act or occurrence.不寻常的事一件值得记住的行动或事件",
"nut","n. 螺母，螺帽；坚果；难对付的人，难解的问题
vi. 采坚果","She's a movie nut.她是电影迷。",
"nuisance","n. 讨厌的人；损害；麻烦事；讨厌的东西","This work is a cursed nuisance.这种工作讨厌死了.",
"nucleus","n. 核，核心；原子核","The nucleus is the information center of cell.细胞核是细胞的信息中枢。",
"nitrogen","n. [化学] 氮","Air consists chiefly of nitrogen.空气主要由氮气组成.",
"Negro","n. 黑人
adj. 黑人的","""I do not accept the Negro as my equal, "" Douglas said. ""And I deny that he is my brother. “我不会接受黑人与我平等的思想，”道格拉斯说，“而且我拒绝把黑人当成我的兄弟。",
"neat","adj. 灵巧的；整洁的；优雅的；齐整的；未搀水的；平滑的","She was small and neat of person.她长得娇小玲珑。",
"navigation","n. 航行；航海","Navigation in the Bermuda Triangle is very dangerous.在百慕大三角航行很危险。",
"naughty","adj. 顽皮的，淘气的；不听话的；没规矩的；不适当的；下流的","Do not treat a naughty child rough.不要粗暴地对待顽皮的孩子。",
"nasty","adj. ??流的；肮脏的；脾气不好的；险恶的
n. 令人不快的事物
性的吸引力","This room has a very nasty smell.这房间有一股很难闻的气味。",
"nap","n. 小睡，打盹儿；细毛；孤注一掷
vt. 使拉毛
vi. 小睡；疏忽","She awoke from her nap disheveled.她小睡后醒来头发散乱",
"nail","vt. 钉；使固定；揭露
n. [解剖] 指甲；钉子","Hammer a nail in.把钉子钉进去。",
"mutter","vi. 咕哝；喃喃自语
vt. 咕哝；抱怨地说；低声含糊地说
n. 咕哝；喃喃低语","We heard a mutter of discontent.我们听到有人窃窃私议表示不满。",
"mushroom","n. 蘑菇，伞菌；蘑菇形物体；暴发户
adj. 蘑菇的；蘑菇形的；迅速生长的
vi. 迅速增加；采蘑菇；迅速生长","Mildew and mushrooms are fungi.霉和蘑菇都是真菌.",
"mug","n. 杯子；脸；苦读者
vi. 扮鬼脸，做怪相；行凶抢劫
vt. 给……拍照","He has been mugged more than once.他不止一次被人抢劫过。",
"mud","vt. 弄脏；用泥涂
vi. 钻入泥中
n. 泥；诽谤的话；无价值的东西","The mud spotted the rug.泥污弄脏了地毯。",
"mount","vt. 增加；爬上；使骑上马；安装，架置；镶嵌，嵌入；准备上演；成立（军队等）
vi. 爬；增加；上升
n. 山峰；底座；乘骑用马；攀，登；运载工具；底座
v. 登上；骑上","Mount Vesuvius is an active volcano.维苏威是一座活火山。",
"mould","vi. 发霉
vt. 浇铸；用泥土覆盖
n. 模具；霉","Scientists grow large quantities of common mould.科学家们培殖了大量的普通霉。",
"mortal","adj. 凡人的；致死的；终有一死的；不共戴天的
n. 人类，凡人","His mortal remains are buried in the churchyard.他的遗体埋葬在教堂的墓地里.",
"molecule","n. [化学] 分子；微小颗粒，微粒","a diatomic molecule.双原子的分子",
"moisture","n. 水分；湿度；潮湿；降雨量","Moisture absorption, waterproof.吸水、防渗。",
"moist","adj. 潮湿的；多雨的；含泪???
n. 潮湿","The path was moist with dew.小路有露水;湿湿潮潮的。",
"moan","vi. 抱怨，悲叹；呻吟
n. 呻吟声；悲叹
vt. 抱怨；呻吟着说","The eerie moan of the night wind.夜风的可怕哀鸣",
"mistress","n. 情妇；女主人；主妇；女教师；女能人","A mistress of the culinary art.烹调高手",
"mist","n. 薄雾；视线模糊不清；模糊不清之物
vi. 下雾；变模糊
vt. 使模糊；使蒙上薄雾","Early mist promises fair weather.晨雾预示好天气。",
"missile","n. 导弹；投射物
adj. 导弹的；可投掷的；用以发射导弹的","missile technology;a missile silo.导弹技术;导弹仓库",
"mislead","vt. 误导；带错","A delusive or misleading hope.幻想虚幻的或误导的一种希望",
"minus","prep. 减，减去
n. 负号，减号；不足；负数
adj. 减的；负的","The sign '-'means minus.‘―’这个符号是‘减’的意思。",
"miner","n. 矿工；开矿机","I am a coal miner.咱们是矿工。",
"mill","vi. 乱转??被碾磨
n. 工厂；磨坊；磨粉机；制造厂；压榨机
vt. 搅拌；碾磨；磨细；使乱转","Com is ground into flour in a mill.谷物在磨粉机里磨成粉。",
"might","n. 力量；威力；势力
v. 可以；或许（may的过去式）；应该
aux. 可能；也许","All that you do, do with your might.做任何事都应不遗余力。",
"merit","n. 优点，价值；功绩；功过
vt. 值得
vi. 应受报答","He richly merits such a distinction.他完全配得上这一荣誉。",
"Mercury","n. 水星","The mercury is rising.温度正在上升。",
"mercury","n. [化]汞，水银
[天]水星
温度表
精神，元气","The mercury is rising.温度正在上升。",
"mend","vt. 修理，修补；改善；修改
vi. 改善，好转
n. 好转，改进；修补处","To mend as a tinker.作为白铁匠修理…",
"melon","n. 瓜；甜瓜；大肚子；圆鼓鼓像瓜似的东西","Any of several other related or similar melons.其它与此相关或相似的一种瓜",
"Mediterranean","n. 地???海
adj. 地中海的","Gibraltar has been called the key to the Mediterranean.直布罗陀一直被称做地中海的门户。",
"mechanics","n. 力学（用作单数）；结构；技术；机械学（用作单数）","I know something about mechanics.我懂一点力学。",
"mechanical","adj. 机械的；力学的；呆板的；无意识的；手工操作的","A mechanical device;a gadget.一种机械装置;小机件",
"mechanic","n. 技工，机修工
adj. 手工的","I know something about mechanics.我懂一点力学。",
"meadow","n. 草地；牧场","There is a black cow in the meadow.草地上有头黑母牛。",
"masterpiece","n. 杰作；绝无仅有的人","This document is a creative masterpiece.这是一个具有创造性的杰作。",
"mass","n. 块，团；群众，民众；大量，众多；质量
adj. 群众的，民众的；大规模的，集中的
vi. 聚集起来，聚集
vt. 使集合","A mass of incalculable figures.一大堆无法计算的数字",
"Marxisim","马克思主义",,
"marine","adj. 船舶的；海生的；海产的；航海的，海运的
n. 海运业；舰队；水兵；（海军）士兵或军官","riverine units of the Marine Corps.海军陆战队的河战分队",
"maid","n. 女仆；少女
vt. 侍候；做新娘的女傧相
vi. 当女仆","The maid gave the floor a flush.女佣冲洗了地板。",
"magnificent","adj. 高尚的；壮丽的；华丽的；宏伟的","A magnificent place for sailing.航海的最好地点",
"magnet","n. 磁铁；[电磁] 磁体；磁石","One of the earliest uses of a magnet was as a compass.磁铁最早的用途之一是作为指南针。",
"lump","n. 块，块状；肿块；瘤；很多；笨人
vt. 混在一起；使成块状；忍耐；笨重地移动
vi. 结块
adj. 成团的；总共的
adv. 很；非常","The milk powder has lumped.奶粉结成了块。",
"lumber","vi. 伐木；喧闹地向前走；笨重地行动，缓慢地移动
vt. 砍伐木材；乱堆
n. 木材；废物，无用的杂物；隆隆声","He lumbered upstairs.他费力地走上楼梯。",
"luggage","n. 行李；皮箱","unclaimed luggage.无人认领的行李",
"lodge","n. 旅馆；门房；集会处；山林小屋
vt. 提出；寄存；借住；嵌入
vi. 寄宿；临时住宿","They partook of our lodging at night.他们和我们共宿一夜。",
"locomotive","adj. 火车头的；运动的；移动的
n. 机车；火车头","The locomotive pulled a long line of freight cars.那台机车拖了一长列货车。",
"liter","n. [计量] 公升（容量单位）","This jug will contain a liter.这壶可容纳一公升之量",
"liquor","n. 酒，含酒精饮料；溶液；液体；烈酒
vi. 喝酒，灌酒
vt. 使喝醉","potent liquor;a potent toxin.有效力的酒;有效力的毒素",
"lip","n. 嘴唇；边缘
vt. 以嘴唇碰
adj. 口头上的
vi. 用嘴唇","Her lips were ripe as cherries.她的嘴唇像樱桃一样红润.",
"liner","n. 班轮，班机；衬垫；画线者","The liner docked at seven o'clock.班轮在7时靠上码头。",
"linen","n. 亚麻布，亚麻线；亚麻制品
adj. 亚麻的；亚麻布制的","Made of flax or linen.亚麻的亚麻布或亚麻制成的",
"lime","n. 石灰；酸橙；绿黄色
vt. 撒石灰于；涂粘鸟胶于
adj. 绿黄色的","This lime curry is particularly hot .这酸橙咖喱菜非常辣。",
"limb","n. 肢，臂；分支；枝干
vt. 切断…的手足；从…上截下树枝","The naked ground;naked tree limbs.光秃秃的地板;光秃秃的树枝",
"lieutenant","n. 中尉；副官；助理人员","A lieutenant-colonel ranks above a major.中校军阶高于少校。",
"lid","n. 盖子；眼睑；限制
vt. 给…盖盖子","The lid of this jam pot won't unscrew.这果酱罐的盖子拧不开.",
"lever","n. 杠杆；控制杆
vt. 用杠杆撬动；把…作为杠杆
vi. 用杠杆撬","A manipulable lever;a manipulable populace.一支可操纵的杠杆;一群可操纵的平民",
"lest","conj. 唯恐，以免；担心","I will eat now lest I should get hungry later this morning.我现在就吃以免今早晚一点时会肚子??。",
"lens","n. 透镜，镜头；眼睛中的水晶体；晶状体；隐形眼镜；汽车的灯玻璃
vt. 给……摄影","I take out my contact lens.我取下隐形眼镜。",
"leap","vi. 跳，跳跃
n. 飞跃；跳跃
vt. 跳跃，跳过；使跃过","To leap or skip about excitedly.雀跃激动地跳跃或跳",
"lean","vi. 倾斜；倚靠；倾向；依赖
adj. 瘦的；贫乏的，歉收的
vt. 使倾斜
n. 瘦肉；倾斜；倾斜度","He leant on the railing.他斜倚栏杆。",
"lay","vt. 躺下；产卵；搁放；放置；铺放；涂，敷
adj. 世俗的；外行的；没有经验的
n. 位置；短诗；花纹方向；叙事诗；性伙伴
vi. 下蛋；打赌
v. 躺；位于（lie的过去式）","Lay things by, they many come to use.蓄物必有其用",
"lawn","n. 草地；草坪","Peacocks strutted on the lawn.孔雀在草地上昂首阔步地走着。",
"lap","n. 一圈；膝盖；下摆；山坳
vt. 使重叠；拍打；包围
vi. 重叠；轻拍；围住","The shingles lapped over each other.木瓦互相搭接。",
"lantern","n. 灯笼；提灯；灯笼式天窗","The sweep of a lantern Beam.灯笼所照亮的范围",
"lame","adj. 跛足的；僵痛的；不完全的；无说服力的；差劲的，蹩脚的
vi. 变跛
vt. 使跛；使成残废","His horse fell lame.他的马腿跛了。",
"lag","n. 落后；迟延；防护套；囚犯；桶板
vt. 落后于；押往监狱；加上外套
vi. 滞后；缓缓而行；蹒跚
adj. 最后的","The lame child lagged behind.跛足的小孩落在后面。",
"lace","n. 花边；鞋带；饰带；少量烈酒
vt. 饰以花边；结带子
vi. 系带子","She enriched her bonnet with a lace.她用花边装饰自己的帽子。",
"knot","n. （绳等的）结；节瘤，疙瘩；海里/小时（航速单位）
vt. 打结
vi. 打结","Knot the ends of the rope together.把绳头结在一起。",
"knob","n. 把手；瘤；球形突出物
vi. 鼓起
vt. 使有球形突出物","A protuberance or knob.凸起物或门把",
"knit","vi. 编织；结合；皱眉
vt. 编织；结合
n. 编织衣物；编织法","The war knit the nation together.战争使全国人民团结起来。",
"kettle","n. 壶；[化工] 釜；罐；鼓","The kettle is singing.水壶里水响了。",
"keen","adj. 敏锐的，敏捷的；渴望的；强烈的；热心的；锐利的
n. 痛哭，挽歌","A keen smell of skunk was left Behind.臭鼬的刺鼻气味留了下来",
"jolly","adj. 愉快的；欢乐的；宜人的
adv. 很；非常
vt. （口）用好话劝某人做…；（口）用好话使高兴
vi. （口）开玩笑","Full of high - spirited gaiety;jolly.兴高采烈的;愉悦的",
"jaw","n. 颌；下巴；狭窄入口；唠叨
vi. 教训；唠叨
vt. 教训；对…唠叨","He yawned his jaws out of joint.他打呵欠打得下巴关节脱了臼。",
"jail","n. 监狱；监牢；拘留所
vt. 监禁；下狱","She was jailed for three months.她被监禁三个月。",
"irregular","n. 不规则物；不合规格的产品
adj. 不规则的；无规律的；非正规的；不合法的","Go is an irregular verb.“Go”是不规则动词。",
"intimate","adj. 亲密的；私人的；精通的；有性关系的
n. 知己；至交
vt. 暗示；通知；宣布","He was intimate with hex.他与她有暧昧关系。",
"intermediate","vi. 起媒介作用
adj. 中间的，中级的
n. [化学] 中间物；媒介","This will get you into that intermediate level quite quickly, and once there, you will be halfway to expert. 这会让你相当快速地进入到中级水平，一旦你到了那个水平，你的专家之路也走到一半了。",
"interference","n. 干扰，冲突；干涉","extraneous interference.外界的影响",
"interfere","vi. 干涉；妨碍；打扰
vt. 冲突；介入","Do not interfere with this machine.不要乱动这台机器。",
"interaction","n. 相互作用；[数] 交互作用
n. 互动","But you only get the maximum benefit if you implement all of them, because their power comes from their interaction. 但您只能在实现所有方法的情况下获得最大收益，因为它们的力量来自它们之间的交互。",
"instinct","n. 本能，直觉；天性
adj. 充满着的","Birds learn to fly By instinct.鸟学飞出自本能。",
"inquire","vt. 询问；查究；问明
vi. 询问；查究；询价","Let's inquire how to get there.咱们去打听一下怎样到那儿去。",
"inquiry","n. 探究；调查；质询","We enclose herewith an inquiry sheet.兹随函附上询价单一份。",
"inferior","adj. 差的；自卑的；下级的，下等的
n. 下级；次品","No one likes inferior goods.无人喜欢蹩脚货。",
"infant","n. 婴儿；幼儿；未成年人
adj. 婴儿的；幼稚的；初期的；未成年的","A pacifier for an infant.婴儿用的奶嘴",
"inevitable","adj. 必然的，不可避免的","Impossible to avoid;inevitable.无法回避的;不可避免的",
"inefficient","adj. 无效率的，效率低的；无能的","Outdated and inefficient methods.过时且费料的方法",
"indispensable","adj. 不可缺少的；绝对必要的；责无旁贷的
n. 不可缺少之物；必不可少的人","Something necessary or indispensable.必需品某物要素或实质",
"indignant","adj. 愤愤不平的；义愤的","The indignant passengers Beat the pickpocket up.愤怒的乘客们把那个扒手痛打了一顿。",
"indifferent","adj. 漠不关心的；无关紧要的；中性的，中立的","He felt no warmth towards his comrades but was cold, indifferent and apathetic. 他对同志不是满腔热情， 而是冷冷清清， 漠不关心，麻木不仁。",
"indefinite","adj. 不确定的；无限的；模糊的","Not explicit; indefinite.不清楚的;不明确的",
"impose","vi. 利用；欺骗；施加影响
vt. 强加；征税；以…欺骗","I don't want to impose on you.我不想强求于你。",
"implication","n. 含义；暗示；牵连，卷入；可能的结果，影响","He seemed by implication to acknowledge that fact.他似乎含蓄地承认了那事实",
"immense","adj. 巨大的，广大的；无边无际的；非常好的","The sea was rolling in immense surges.海面上汹涌澎湃。",
"idle","adj. 闲置的；懒惰的；停顿的
vi. 无所事事；虚度；空转
vt. 虚度；使空转","He spends his time running idle.他整天无所事事。",
"hut","n. 小屋；临时营房
vt. 使住在小屋中；驻扎
vi. 住在小屋中；驻扎","The great man is said to have been born in a crude hut.据说那个伟人生于一个简陋的小屋里。",
"humid","adj. 潮湿的；湿润的；多湿气的","Hot and humid;torrid.炎热的炎热而潮湿的;酷热的",
"hostile","adj. 敌对的，敌方的；怀敌意的
n. 敌对","Inclined or eager to fight; hostile or aggressive.好战的倾向于或渴望战斗的;敌对的或爱寻衅的",
"horsepower","n. 马力（功率单位）","This engine puts out more than one thousand horsepower.这台发动机可产生一千匹以上的马力。",
"horror","n. 惊骇；惨状；极端厌恶；令人恐怖的事物","He looked at the dead man in horror.他恐惧地看着那个死人。",
"hint","n. 暗示；线索
vt. 暗示；示意
vi. 示意","He let fall a hint.他作了一个暗示。",
"hillside","n. 山坡，山腹；山腰","I have a hillside villa there.那里我有一栋山坡别墅。",
"herd","n. 兽群，畜群；放牧人
vi. 成群，聚在一起
vt. 放牧；使成群","Dogs are often trained to herd sheep.人们常训练狗来牧羊。",
"heir","n. [法] 继承人；后嗣；嗣子","A fiduciary heir; a fiduciary contract.受托继承人;信托合同",
"heel","n. 脚后跟；踵
vt. 倾侧
vi. 倾侧","I'm head over heels about skin-diving.我极喜欢潜水运动。",
"hedge","vt. 用树篱笆围住；避免作正面答复
vi. 用树篱围住；避免作正面答复
n. 树篱；障碍","manicure a hedge.修剪一道篱笆",
"hazard","vt. 赌运气；冒…的危险，使遭受危险
n. 危险，冒险；冒险的事","That rock is a hazard to ships.那块岩石对船只构成威胁。",
"hawk","vt. 兜售，沿街叫卖；捕捉；咳出
vi. 清嗓；咳嗽；像鹰一般地袭击
n. 鹰；???派成员；掠夺他人的人","Two hawks were hovering overhead.两只鹰在头顶盘旋。",
"hatch","n. 孵化；舱口
vt. 孵；策划
vi. 孵化","Someone bolted the hatch down.有人推上了舱盖的插销。",
"hasty","adj. 轻率的；匆忙的；草率的；性怠的","Hasty and unthinking; impetuous.急躁的仓促而不加思索的;冲动的",
"hasten","vt. 加速；使赶紧；催促
vi. 赶快；急忙","They all hastened away.他们都匆匆离去。",
"hare","n. 野兔","By noon he had bagged three hares.到中午时他已捕获了三只野兔。",
"halt","vi. 停止；立定；踌躇，犹豫
n. 停止；立定；休息
vt. 使停止；使立定","The taxi squealed to a halt.计程车嘎地煞车停下。",
"gum","n. 口香糖；树胶；橡皮
vt. 用胶粘，涂以树胶；使…有粘性","I think I have an abscess on my gums.我想我的牙床上有个脓疮。",
"gulf","n. 海湾；深渊；分歧；漩涡
vt. 吞没","The Persian Gulf is rich in petroleum.波斯湾盛产石油。",
"grocer","n. 杂货店；食品商","That grocer never overcharges.那个杂货商从不乱索价。",
"groan","vi. 呻吟；抱怨；发吱嘎声
vt. 呻吟；抱怨
n. 呻吟；叹息；吱嘎声","The teacher groaned with dismay.那老师因惊慌而呻吟。",
"grip","n. 紧握；柄；支配；握拍方式；拍柄绷带
vt. 紧握；夹紧
vi. 抓住","The brake doesn't grip properly.刹车不灵了。",
"grind","vt. 磨碎；磨快
vi. 磨碎；折磨
n. 磨；苦工作","I have to grind the knife; it is blunt.我得磨刀;它钝了。",
"grieve","vt. 使悲伤，使苦恼
vi. 悲痛，哀悼","Her behavior grieved her parents.她的行为使她父母伤心。",
"greet","vt. 欢迎，迎接；致敬，致意；映入眼帘","We often incline our heads in greeting.我们致意时常低头。",
"grave","adj. 重大的；严肃的；黯淡的
n. 墓穴，坟墓；死亡
vt. 雕刻；铭记","He has dug his own grave.他是自毁生计。",
"grape","n. 葡萄；葡萄酒；葡萄树；葡萄色","He gave me a bunch of mellow grapes.他给了我一串甘美的葡萄。",
"grand","adj. 宏伟的；豪华的；极重要的
n. 大钢琴；一千美元","He was put in jail for grand larceny.他因重大盗窃案而被监禁。",
"grain","n. 粮食；颗粒；[作物] 谷物；纹理
vi. 成谷粒
vt. 使成谷粒","Not a grain of rice was wasted.一粒米也没有浪费。",
"gradual","adj. 逐渐的；平缓的
n. 弥撒升阶圣歌集","His health showed gradual improvement.他的健康逐渐恢复。",
"gracious","adj. 亲切的；高尚的；和蔼的；雅致的
int. 天哪；哎呀","Her Gracious Majesty Queen Elizabeth.伊丽莎白女王陛下。",
"grace","n. 优雅；恩惠；魅力；慈悲
vt. 使优美","A lapse from grace.名誉扫地",
"gown","n. 长袍，长外衣；礼服；睡袍；法衣
vt. 使穿睡衣","She slipped on a dressing-gown.她匆忙穿上浴衣。",
"goose","n. 鹅；鹅肉；傻瓜；雌鹅
vt. 突然加大油门；嘘骂","The wild geese sailed overhead.大雁在头顶上空飞过???",
"glue","vt. 粘合；似胶般固着于
n. 胶；各种胶合物","Glue the boards together.将这些木板黏合在一起。",
"glow","vi. 发热；洋溢；绚丽夺目
n. 灼热；色彩鲜艳；兴高采烈","A cigarette glowed in the dark.黑暗中有枝香烟发着光。",
"glove","n. 手套
vt. 给…戴手套","The mate to this glove.这支手套的另一支",
"glorious","adj. 光荣的；辉煌的；极好的","I had a glorious time at the seaside.我在海滨度过了一段极其愉快的时光。",
"gloomy","adj. 黑暗的；沮丧的；阴郁的","gloomy predictions.悲观的预测",
"glitter","vi. 闪光；闪烁
n. 闪光；灿烂","All is not gold that glitters.中看未必中用",
"glimpse","n. 一瞥，一看
vi. 瞥见
vt. 瞥见","He strained his eyes to catch a glimpse of the President.他竭尽目力想看总统一眼。",
"glide","n. 滑翔；滑行；滑移；滑音
vt. 滑翔；滑行；悄悄地走；消逝
vi. 使滑行；使滑动","The swan glided across the lake.那只天鹅???过湖面。",
"germ","n. [植] 胚芽，萌芽；细菌
vi. 萌芽","Disinfectant kills germs.消毒剂可杀菌.",
"gaze","vi. 凝视；注视
n. 凝视；注视","He gazed upon her in awe.他敬畏地注视她。",
"gauge","n. 计量器；标准尺寸；容量规格
vt. 测量；估计；给…定规格","It was difficult to gauge how people would respond.大家的反应如何难以估计。",
"gasp","vi. 喘气；喘息；渴望
vt. 气喘吁吁地说；喘着气说话
n. 喘气","She gasped at the ghastly sight.那恐怖的景象令她倒抽一口气。",
"gasoline","n. 汽油","There's a leak in the gasoline tank.汽油箱有个裂缝。",
"gaseous","adj. 气态的，气体的；无实质的","The ball is filled with gaseous mixture.那个球被充满了气体混合物。",
"garage","n. 车库；汽车修理厂；飞机库
vt. 把……送入车库；把（汽车）开进车库","A garage flanked the house.屋子旁边连着车库。",
"gang","n. 群；一伙；一组
vt. 使成群结队；结伙伤??或恐吓某人
vi. 成群结队","The gang robbed Leta's safe.那帮人抢走了莉塔保险箱中的金钱",
"furious","adj. 激烈的；狂怒的；热烈兴奋的；喧闹的","He gulped back the furious reply he wanted to make. 他强忍住本想作出的愤怒的回答。",
"funeral","n. 葬礼；麻烦事
adj. 丧葬的，出殡的","A funeral is a sombre occasion.葬礼是个忧郁的场合。",
"fulfil","vt. 履行；完成；实践；满足","Right, we will fulfil the task. 是， 我们一定完成任务。",
"fry","n. 鱼苗；油炸食物
vt. 油炸；油煎
vi. 油炸；油煎","I personally vote for fried sausages.我个人还是赞成炸香肠。",
"frown","vi. 皱眉；不同意
vt. 皱眉，蹙额
n. 皱眉，蹙额","Her forehead creased in a frown.她皱紧眉头。",
"freight","vt. 运送；装货；使充满
n. 货运；运费；船货","They freighted the boat with bananas.他们把香蕉装载在船上了。",
"fraction","n. 分数；部分；小部分；稍微","Recovering the permeate fraction.回收渗透部分。",
"fountain","n. 喷泉，泉水；源泉","The fountains played in the courtyard.喷泉在庭院中喷水",
"fold","vt. 折叠；合拢；抱住；笼罩
n. 折痕；信徒；羊栏
vi. 折叠起来；彻底失败","Paper folds more easily than cardboard.纸比纸板更易折叠。",
"flush","n. 激动，洋溢；面红；萌芽；旺盛；奔流
vt. 使齐平；发红，使发亮；用水冲洗；使激动
vi. 发红，脸红；奔涌；被冲洗
adj. 大量的；齐平的；丰足的，洋溢的；挥霍的","I flush the toilet.我冲马桶。",
"fluid","adj. 流动的；流畅的；不固定的
n. 流体；液体","An optical effect proper to fluids.液体所固有的光学效果",
"flourish","n. 兴旺；茂盛；挥舞；炫耀；华饰
vt. 夸耀；挥舞
vi. 繁荣，兴旺；茂盛；活跃；处于旺盛时期","Those plants are flourishing.那些植物长得茂盛。",
"flour","n. 面粉；粉状物质
vt. 撒粉于；把…磨成粉","Rice measures more easily than flour.大米比面粉容易计量。",
"flock","n. 群；棉束（等于floc）
vt. 用棉束填满
vi. 聚集；成群而行","There is a flock of sheep on the meadow.草地上有一群羊。",
"fleet","adj. 快速的，敏捷的
n. 舰队；港湾；小河
vi. 飞逝；疾驰；掠过
vt. 消磨","a fogbound fleet.被浓雾所困的舰队",
"flavour","n. 香味；滋味
vt. 给……调味；给……增添风趣","The film retains much of the book's exotic flavour.这部电影保存了原着的许多异国情调.",
"flare","vt. 使闪耀；使张开；用发光信号发出；使外倾
vi. 闪耀，闪光；燃烧；突然发怒
n. 闪光，闪耀；耀斑；爆发；照明弹","A gust of wind made the torches flare.一阵风吹得火把摇曳。",
"fibre","n. 纤维；纤维制品","His close reasoning gave fiBre to his argument.他严密的逻辑使他的论点强劲有力。",
"fertilizer","n. [肥料] 肥料；受精媒介物；促进发展者","Peat is sometimes used as a fertilizer.泥炭有时被??作肥料。",
"fertile","adj. 富饶的，肥沃的；能生育的
n. 肥沃，多产","The barren land has been turned into fertile fields.贫瘠的土地已改成良田。",
"federal","adj. 联邦的；同盟的
n. 北部联邦同盟盟员；北京连邦软件产业发展公司，国内主要的正版软件经销商","Alaska's vast federal parkland.阿拉斯加辽阔的联邦公用地",
"feast","vt. 享受；款待，宴请
n. 筵席，宴会；节日
vi. 享受；参加宴会","A good conscience is a continuous feast.问心无愧天天乐。",
"feasible","adj. 可行的；可能的；可实行的","This committee selected the plan that seemed most feasible.委员会选了那个似乎最切实可行的方案。",
"fatigue","n. 疲劳，疲乏；杂役
vt. 使疲劳；使心智衰弱
vi. 疲劳
adj. 疲劳的","A fatigued or bored response.哈欠疲乏的或厌烦的反应",
"Fahrenheit","adj. 华氏温度计的；华氏的
n. 华氏温度计；华氏温标","It's 80 degrees Fahrenheit.现在华氏80度。",
"faculty","n. 科，系；能力；全体教员","He has a faculty for arithmetic.他有算术的才能。",
"exterior","adj. 外部的；表面的；外在的
n. 外部；表面；外型；外貌","The exterior shots were taken in Bermuda.外景是在百慕大群岛拍摄的。",
"extensive","adj. 广泛的；大量的；广阔的","He has extensive tolerance.他有着恢宏的气度。",
"exploit","vt. 开发，开拓；剥削；开采
n. 勋绩；功绩","A brave retreat is a brave exploit.勇敢的退却也是勇敢的行为。",
"exert","vt. 运用，发挥；施以影响","To exert oneself.苦干使自己苦干",
"excursion","n. 偏移；远足；短程旅行；离题；游览，游览团","A half - day excursion to the old town costs 10 pounds.旧城半日游收费十英镑。",
"excess","n. 超过，超额；过度，过量；无节制
adj. 额外的，过量的；附加的","unit sales in excess of 20 million.股票售价超过两千万",
"excessive","adj. 过多的，极度的；过分的","Excessive flattery or admiration.谄媚过分的谄媚或恭维",
"exceedingly","adv. 非常；极其；极度地；极端","This thicket was a singular―an exceedingly singular one.这片林子很怪――怪得出奇。",
"exceed","vt. 超过；胜过
vi. 超过其他","He is exceeding the speed limit.他超过了时速限制。",
"exaggerate","vt. 使扩大；使增大
vi. 夸大；夸张","Affected or exaggerated piety.假虔诚虚伪或夸张的虔诚",
"eve","n. 夏娃； 前夕；傍晚；重大事件关头","They held a party on New Year's Eve.他们在除夕举行了晚会。",
"evaporate","vt. 使……蒸发；使……脱水；使……消失
vi. 蒸发，挥发；消失，失踪","Heat evaporates water into steam.水受热变成水蒸气。",
"estimate","vi. 估计，估价
n. 估计，估价；判断，看法
vt. 估计，估量；判断，评价","estimated the square footage of new office space.估算新办公室占地的平方尺寸",
"entitle","vt. 称做…；定名为…；给…称号；使??有权利","He is entitled to high praise.他值得高度讴歌。",
"entertain","vt. 娱乐；招待；怀抱；容纳
vi. 款待","entertain an idea.考虑一个主意",
"engage","vt. 吸引，占用；使参加；雇佣；使订婚；预定
vi. 从事；答应，保证；交战；啮合","He engaged upon a new profession.他开始从事新的职业。",
"embrace","vt. 拥抱；信奉，皈依；包含
vi. 拥抱
n. 拥抱","Biology embraces botany and zoology.生物学包括植物学和动物学。",
"emerge","vi. 浮现；摆脱；暴露","A wonderful thought emerged.浮现出一个极妙的想法。",
"elsewhere","adv. 在别处；到别处","Your price is higher than those we got from elsewhere.你们的价格比我们从别处得到的报价要高",
"eliminate","vt. 消除；排除","To eliminate completely;annihilate.消除完全剔除;使化为乌有",
"electron","n. 电子","An electron has about 1/1840 the mass of the proton.电子的质量大约是质子的1/1840。",
"elbow","n. 肘部；弯头???扶手
vt. 推挤；用手肘推开","She elbowed her way forward.她用肘开路向前走。",
"elastic","adj. 有弹性的；灵活的；易伸缩的
n. 松紧带；橡皮圈","The elastic band has perished.这橡皮筋已经老化。",
"elaborate","adj. 精心制作的；详尽的；煞费苦心的
vt. 精心制作；详细阐述；从简单成分合成（复杂有机物）
vi. 详细描述；变复杂","Excessively florid or elaborate.十分华丽的过分华丽或精致的",
"earnest","adj. 认真的，热心的；重要的
n. 认真；定金；诚挚","An earnest request or petition; a plea.迫切要求或恳求;请求",
"dwelling","n. 住处；寓所
v. 居住（dwell的现在分词）","A livable dwelling.适于居住的居所",
"due","adj. 到期的；预期的；应付的；应得的
n. 应付款；应得之物
adv. 正（置于方位词前）","The ship was sailing due south.船向正南方航行.",
"drum","vt. 击鼓；大力争取
vi. 击鼓；大力争取
n. 鼓；鼓声","A drum majorette.鼓乐队女指挥",
"drip","vi. 滴下；充满；漏下
n. 水滴，滴水声；静脉滴注；使人厌烦的人
vt. 使滴下；溢出，发出","The rain was dripping from the eaves.雨水正从屋檐滴落。",
"drill","n. 训练；钻孔机；钻子；播种机
vi. 钻孔；训练
vt. 钻孔；训练；条播","Drill pupils in grammar.经反复训练使学生完全掌握语法.",
"drift","n. 漂流，漂移；趋势；漂流物
vi. 漂流，漂移；漂泊
vt. 使…漂流；使…受风吹积","The boat drifted down the river.船顺河漂流而下.",
"dread","n. 恐惧；可怕的人（或物）
vi. 惧怕；担心
vt. 惧怕；担心
adj. 可怕的","I dread him coming.我害怕他的到来。",
"donkey","n. 驴子；傻瓜；顽固的人","The bray of the donkey absorbed us.驴叫声吸引了我们。",
"dock","n. 码头；船坞；被告席；尾巴的骨肉部分
vt. 使靠码头；剪短
vi. 入船坞","The ship docked at Liverpool.这艘轮船在利物浦靠了码头。",
"diverse","adj. 不同的???多种多样的；变化多的","A diverse or miscellaneous group.动物群各种各样或不同种类的群",
"ditch","vt. 在…上掘沟；把…开入沟里；丢弃
vi. 开沟；掘沟
n. 沟渠；壕沟","Paralleled the ditch to the highway.平行于公路挖沟渠",
"distress","n. 危难，不幸；贫困；悲痛
vt. 使悲痛；使贫困","He is distressed by misfortune.厄运使他忧伤。",
"dispute","vt. 辩论；怀疑；阻止；抗拒
vi. 争论
n. 辩论；争吵","I disputed his story.我怀疑他所说的话是否真实。",
"dispose","vt. 处理；处置；安排
vi. 处理；安排；（能够）决定
n. 处置；性情","She seemed well disposed towards us.她看来对我们颇有好感.",
"dishonour","vt. 拒付；使丢脸；拒绝承兑；不履行（诺言等）
n. 拒付；不名誉","He had to choose Between death and dishonour.他必须在死亡和屈辱之间作出选择。",
"disguise","vt. 掩饰；假装；隐瞒
n. 伪装；假装；用作伪装的东西","The king was disguised as a peasant.国王被伪装成了农民。",
"discipline","n. 学科；纪律；训练；惩罚
vt. 训练，训导；惩戒","Science is an exact discipline.研究科学可以锻炼人思维严谨.",
"dictate","vt. 命令；口述；使听写
vi. 口述；听写
n. 命令；指示","He can't write but he can dictate.他不会写但会说。",
"dialect","n. 方言，土话；同源语；行话；个人用语特征
adj. 方言的","English is a West Germanic dialect.英语源自西日耳曼语。",
"dew","n. 珠，滴；露水；清新
vt. （露水等）弄湿
vi. 结露水","The path was moist with dew.小路有露水;湿湿潮潮的。",
"devise","vt. 设计；想出；发明；图谋；遗赠给
n. 遗赠","Ingeniously devised or thought out.创新的想法或构思有创意的",
"detection","n. 侦查，探测；发觉，发现；察觉","The detection of crime is not always easy.侦察案件并非那么容易。",
"detect","vt. 察觉；发现；探测","A sensory receptor that detects warmth.热探测器测量热量的敏感接受器",
"despise","vt. 轻视，鄙视","Honest students despise cheating.诚实的学生鄙视作弊",
"descend","vi. 下降；下去；下来；遗传；屈尊
vt. 下去；沿…向下","John is descended from noble ancestors.约翰为名门后裔。",
"derive","vt. 源于；得自
vi. 起源","Derive a conclusion from facts.从事实推出结论",
"dense","adj. 稠密的；浓厚的；愚钝的","A dense thicket of cane.甘蔗丛茂密的甘蔗林",
"delicate","adj. 微妙的；精美的，雅致的；柔和的；易碎的；纤弱的；清淡可口的","Delicate skin that scars easily.娇嫩的皮肤很容易留下疤痕",
"delegation","n. 代表团；授权；委托","The delegation decided to prolong their visit By one week.代表团决定把访问延长一个星期。",
"definite","adj. 一定的；确切的","Nothing definite.还没决定哩。",
"defect","n. 缺点，缺陷；不足之处
vi. 变节；叛变","Near-sightedness is a visual defect.近视是一个视??缺陷。",
"deed","n. 行动；功绩；证书；[法] 契据
vt. 立契转让","He didn't mate his words with deeds.他言行不一。",
"deduce","vt. 推论，推断；演绎出","If a = b and b = c, we can deduce that a = c.我们可以推论出aIC。",
"deck","n. 甲板；行李仓；露天平台
vt. 装饰；装甲板；打扮","The captain walked the deck.船长走过甲板。",
"decent","adj. 正派的；得体的；相当好的","You can't have good acting without a decent script.没有像样的剧本是不可能有好的表演的。",
"deceit","n. 欺骗；谎言；欺诈手段","He was trustful and without deceit.他可靠无欺。",
"decay","vi. 衰退，[核] 衰减；腐烂，腐朽
n. 衰退，[核] 衰减；腐烂，腐朽
vt. 使腐烂，使腐败；使衰退，使衰落","Smelling of mildew or decay;musty.发霉味的;腐朽的",
"dawn","n. 黎明；开端
vt. 破晓；出现；被领悟","It was dawning as we left.我们离开时天开始亮了.",
"daring","adj. 大胆的，勇敢的
n. ??量，勇气
v. 敢（dare的现在分词）","I dare you to cheat me.谅你也不敢欺骗我。",
"dam","v. 控制；筑坝
n. [水利] 水坝；障碍","There was a flood when the dam burst.决堤时造成洪水泛滥。",
"cushion","n. 垫子；起缓解作用之物；（猪等的）臀肉；银行储蓄
vt. 给…安上垫子；把…安置在垫子上；缓和…的冲击","She thumped the cushion flat.她把垫子捶平了.",
"curl","vt. 使…卷曲；使卷起来
vi. 卷曲；盘绕
n. 卷曲；卷发；螺旋状物","Curled inward;coiled or involute.内卷的向内卷的;盘绕的或内卷的",
"cunning","adj. 狡猾的；巧妙的；可爱的
n. 狡猾","A cunning little pet.机灵的小宠物",
"cucumber","n. 黄瓜；胡瓜","The ""gurkophone"" is one of their classics, made from a hollowed cucumber, a pepper and a carrot. 黄瓜管""是他们的经典乐器之一,那是用掏空的黄瓜、辣椒和胡萝卜做的。",
"crust","n. 地壳；外壳；面包皮；坚硬外皮
vi. 结硬皮；结??外壳
vt. 盖以硬皮；在…上结硬皮","The earth's crust is layered..地球的外壳是分层的。",
"crow","vi. 啼叫；报晓
n. [鸟] 乌鸦；鸡鸣；撬棍","The lamb had been pecked by crows.那只小羊被乌鸦啄着.",
"crisis","n. 危机；危险期；决定性时刻
adj. 危机的；用于处理危机的","They admired the way she dealt with the crisis.他们很佩服她处理这场危机的手法.",
"cricket","n. 板球，板球运动；蟋蟀","They instituted a cricket competition.他们开始进行板球比赛。",
"crew","n. 队，组；全体人员，全体船员
vi. 一起工作
vt. 使当船员","He rows No. 5 in the Oxford crew.他是牛津大学划船队的5号划手。",
"coward","n. 懦夫，懦弱的人
adj. 胆小的，懦怯的","She insulted him by calling him a coward.她辱骂他是个胆小鬼。",
"course","n. 科目；课程；过程；进程；道路；路线，航向；一道菜
vt. 追赶；跑过
vi. 指引航线；快跑","History follows a tortuous course.历???的进程是曲折的。",
"county","n. 郡，县","She's awfully county.她十足地主派头.",
"cotton","n. 棉花；棉布；棉线
vi. 一致；理解；和谐；亲近
adj. 棉的；棉制的","Cotton, durable.棉质、耐穿。",
"corridor","n. 走廊
[生态] 走廊地带","Each office opens onto the corridor.每间办公室的门都对着走廊。",
"cordial","adj. 热忱的，诚恳的；兴奋的
n. 补品；兴奋剂；甜香酒，甘露酒","A cordial abhorrence of waste.对浪费的深恶痛绝",
"cord","n. 绳索；束缚
vt. 用绳子捆绑","It was bound with a cord.它用绳子拴着。",
"copper","n. 铜；铜币；警察
adj. 铜的
vt. 镀铜于","Brass is an alloy of copper and zinc.黄铜是铜和锌的合金。",
"coordinate","n. 坐标；同等的人或物
adj. 并列的；同等的
vt. 调整；整合
vi. 协调","She coordinates her clothes well.她把衣服搭配得很好。",
"convert","vt. 使转变；转换…；使…改变信仰
vi. 转变，变换；皈依；改变信仰
n. 皈依者；改变宗教信仰者","He converted me to Christianity.他使我改信基督教。",
"conversely","adv. 相反地","Conversely, start only what you know you can finish. 相反地，只开始那些你知道你能完成的。",
"contrast","vi. 对比；形成对照
vt. 使对比；使与…对照
n. 对比；差别；对照物","Gamma: A measure of contrast in photographic processing.伽玛值:量度照相化学处理的对比方法。",
"contempt","n. 轻视，蔑视；耻辱","Sovereign contempt.不折不扣的蔑视",
"constitution","n. 宪法；体质；章程；构造；建立，组成；体格","An iron constitution.强健的体魄",
"consent","vi. 同意；赞成；答应
n. 同意；（意见等的）一致；赞成","Her silence implied consent.她的沈默意味着同意。",
"conjunction","n. 结合；[语] 连接词；同时发生","When is a temporal conjunction.when是一个时间连接词。",
"confine","n. 界限，边界;约束；限制
vt. 限制；禁闭","To confine in a paddock.限制在围地里",
"confess","vt. 承认；坦白；忏悔；供认
vi. 承认；坦白；忏悔；供认","The criminal confessed to the priest.罪犯向神父告解。",
"condense","vi. 浓缩；凝结
vt. 使浓缩；使压缩","He condensed the into one line.他把一段文字缩成一行。",
"conceal","vt. 隐藏；隐瞒","Conceal nothing from me.什么事也不要瞒着我。",
"comrade","n. 同志；伙伴","A woman comrade headed up the mountaineering expedition.一位女同志率领着这支登山队。",
"comparative","adj. 比较的；相当的
n. 比较级；对手","`Better' is the comparative of `good'.better是good比较级",
"colonel","n. 陆军上校","He was promoted to the rank of colonel.他被提拔成了上校。",
"coil","vt. 盘绕，把…卷成圈
n. 线圈；卷
vi. 成圈状","Curled inward;coiled or involute.内卷的向内卷的;盘绕的或内卷的",
"cloak","n. 斗蓬；宽大外衣；托词
vt. 遮掩；隐匿","The meeting was cloaked in mystery.会议笼罩在神秘??氛中。",
"cliff","n. 悬崖；绝壁","limestone cliffs;limestone walls.石灰岩峭壁;石灰岩墙",
"clerk","n. 职员，办事员；店员；书记；记帐员；<古>牧师，教士
vi. 当销售员，当店员；当职员","The clerk jotted down the order.售货员急忙把订货记下来。",
"clay","n. [土壤] 粘土；泥土；肉体；似黏土的东西
vt. 用黏土处理","Clay binds when it Ts heated.黏土受热后凝固。",
"clasp","n. 扣子，钩子；握手
vt. 紧抱；扣紧；紧紧缠绕
vi. 扣住","The clasp of my brooch is broken.我胸针的钩子坏了.",
"circumference","n. 圆周；周长；胸围","Circumference:The boundary line of a circle.圆周:一个圆的边界线.",
"circuit","n. [电子] 电路，回路；巡回；一圈；环道
vi. 环行
vt. 绕回…环行","There must be a break in the circuit.电路中一定有断路.",
"chin","n. 下巴；聊天；引体向上动作
vt. 用下巴夹住；与…聊天；在单杠上作引体向上动作
vi. 闲谈；作引体???上动作","He tucked his chin into his chest.他把下巴缩到胸前",
"chill","n. 寒冷；寒意；寒心
adj. 寒冷的；冷漠的；扫兴的
vt. 冷冻，冷藏；使寒心；使感到冷
vi. 冷藏；变冷","Failure chilled her hopes.失败使她希望破灭。",
"chess","n. 国际象棋，西洋棋","Chess is his favorite diversion.象棋是他最喜欢的娱乐活动",
"cherry","n. 樱桃；樱桃树；如樱桃的鲜红色；处女膜，处女","Her lips were ripe as cherries.她的嘴唇像樱桃一样红润.",
"cheque","n. 支票","He sent us a postdate cheque.他寄给我们一张填迟日期的支票。",
"cheat","vt. 欺骗；骗取
vi. 欺骗；作弊
n. 欺骗，作弊；骗子","I defy you to prove I have cheated.我敢说你证明不了我行过骗。",
"charming","adj. 迷人的；可爱的
v. 使陶醉（charm的现在分词）","Both charm and art are at their height.色艺双绝;色艺两绝",
"chamber","n. （身体或器官内的）室，膛；房间；会所
adj. 室内的；私人的，秘密的
vt. 把…关在室内；装填（弹药等）","The heart has four chambers.心脏有四个心室。",
"cement","vt. 巩固，加强；用水泥涂；接合
vi. 粘牢
n. 水泥；接合剂","unset gelatin;unset cement.尚未凝结成固体的明胶;尚未干硬的水泥",
"cellar","n. 地窖；酒窖；地下室
vt. 把…藏入地窖","He has an excellent wine-cellar.他有窖藏佳酿.",
"cathedral","n. 大教堂","Photography is strictly forbidden in the cathedral.教堂内严禁摄影。",
"cart","n. 二轮运货马车
vt. 用车装载
vi. 驾运货马车；用运货车运送","A low - wheeled cart;a dolly.矮轮平推车;小轮手推车",
"carrot","n. 胡萝卜
诱饵","Crisp carrot and celery sticks.鲜嫩的胡萝卜和芹菜梗",
"carpenter","n. 木匠，木工
vi. 当木匠，做木匠工作
vt. 制作","A carpenter must measure accurately.木工必须要测量准确。",
"canvas","n. 帆布
vt. 用帆布覆盖，用帆布装备
adj. 帆布制的","Canvas bags are durable.帆布???很耐用。",
"cannon","n. 大炮；加农炮；榴弹炮；机关炮
vi. 炮轰；开炮
vt. 炮轰","A cannon throws shells.大炮发射炮弹。",
"butter","vt. 涂黄油于；讨好
n. 黄油；奶油；奉承话","It is easy to melt butter.黄油易溶解。",
"burst","vi. 爆发，突发；爆炸
vt. 爆发，突发；爆炸
n. 爆发，突发；爆炸","The boiler burst.锅炉爆炸了。",
"bureau","n. 局，处；衣柜；办公桌","A Bureau that runs espionage operations.管理间谍活动的部门",
"bundle","n. 束；捆
vt. 捆
vi. 匆忙离开","He is a bundle of nerves.他是个神经极度紧张的人。",
"bullet","n. 子弹；只选某党全部候选人的投票；豆子
vi. 射出；迅速行进","An enemy bullet sang past my ear.一颗敌人的子弹嗖地从我耳边擦过。",
"bulk","n. 体积，容量；大多数，大部分；大块
vt. 使扩大，使形成大量；使显得重要","We ship most of our oil in bulk.我们装运的油大多数是散装的。",
"brute","adj. 残忍???；无理性的
n. 畜生；残暴的人","His cruelty marks him as a brute.他的残忍表明他是个人面兽心的家伙。",
"bruise","n. 擦伤；挫伤；青肿
vt. 使受瘀伤；使受挫伤
vi. 擦伤；受伤","Her bruised knee is still tender.她受了瘀伤的膝盖仍然一碰就痛。",
"brown","adj. 棕色的，褐色的；太阳晒黑的
vi. 变成褐色
n. 褐色，棕色
vt. 使变成褐色","I particularly like the Brown shoes.我尤其喜爱棕色的鞋",
"brow","n. 眉，眉毛；额；表情","He knit his brows.他皱着眉。",
"broom","n. 扫帚；金雀花
vt. 扫除
vi. 桩顶开花或开裂","The lobby is empty but for the postman and his broom. 大厅里除了邮差和他的扫帚以外别无他人。",
"brook","vt. 忍受；容忍
n. 小溪；小河","There was a small brook nearby.附近有条小溪。",
"brood","vt. 孵；沉思
n. 一窝；一伙","The hen broods ten eggs this time.这次母鸡孵十个蛋",
"bronze","n. 青铜；古铜色；青铜制品
adj. 青铜色的；青铜制的
vt. 镀青铜于
vi. 变成青铜色，被晒黑","an archaic bronze statuette.一种相当古老的青铜小雕像",
"brittle","adj. 易碎的，脆弱的；易生气的","He has a brittle temper,ie loses his temper easily.他脾气急.",
"bristle","n. 猪鬃；刚毛
vi. 发怒；竖起
vt. 使（毛发等）直立","A bristle or seta,especially of an annelid worm.刚毛尤指环节动物毛虫类的毫毛或刚毛",
"brisk","adj. 敏锐的，活泼的，轻快的；凛冽的
vi. 活跃起来；变得轻快
vt. 使……活泼；使……轻快；使……兴旺","He went home at brisk pace.他迈着轻快的步伐回到家里。",
"brim","n. 边；边缘
vi. 满溢；溢出
vt. 使…满溢","A floppy hat brim.软软的帽檐",
"breeze","n. 微风；轻而易举的事；煤屑；焦炭渣；小风波
vi. 吹微风；逃走","A gentle breeze stirred the leaves.微风吹动了树叶.",
"breed","vi. 繁殖；饲养；产生
vt. 繁殖；饲养；养育，教育；引起
n. [生物] 品种；种??，类型","Unemployment breeds social unrest.失业能造成社会不安定。",
"breadth","n. 宽度，幅度；宽宏","This car is 2 meters in breadth.这辆汽车宽二米。",
"brass","n. 黄铜；黄铜制品；铜管乐器；厚脸皮","Brass is an alloy of copper and zinc.黄铜是铜和锌的合金。",
"bough","n. 大树枝","I hitched the rope round a bough of the tree.我把绳子套在树枝上。",
"bosom","n. 胸；胸怀；中间；胸襟；内心；乳房；内部
vt. 怀抱；把…藏在心中
adj. 知心的；亲密的","She had a well-developed bosom.她的胸部很丰满。",
"booth","n. 货摊；公用电话亭","an unoccupied telephone booth.一个空的电话亭",
"blow","n. 吹；打击；殴打
vi. 风吹；喘气
vt. 风吹","He rained blows on the door.他连连敲门。",
"blossom","vi. 开花；兴旺；发展成
n. 花；开花期；兴旺期；花开的状态","To blossom; bloom.开花;开放",
"blend","vt. 混合
vi. 混合；协调
n. 混合；掺合物","The voices in the choir blend well.合唱团的唱音很和谐",
"blaze","vt. 在树皮上刻路标；公开宣布
n. 火焰，烈火；光辉；情感爆发
vi. 燃烧；照耀，发光；激发","This fuel cannot support a blaze long.这种燃料火力不持久。",
"blade","n. 叶片；刀片，刀锋；剑","The blade of an oar or paddle.桨面桨或橹的叶片",
"berry","n. 浆果（葡萄，番茄等）
vi. 采集浆果","Some berries are poisonous.有的浆果有毒。",
"beef","n. 牛肉；肌肉；食用牛；牢骚
vi. 抱怨，告发；发牢骚
vt. 养；加强","roast beef au jus.带汁的烤牛肉",
"beard","vt. 公然反对；抓…的胡须
n. 胡须；颌毛
vi. 充当掩护；充当男随员","Beard the lion in his den.老虎头上捉虱;太岁头上动土。",
"barrier","n. 障碍物，屏障；界线
vt. 把…关入栅栏","The ice skater rammed into the barrier.溜冰者撞到护栏上了.",
"barrel","vt. 把……装入桶内
n. 桶；枪管，炮管
vi. 快速移动","The barrel would hold 100 litres.这桶能装一百升。",
"barn","n. 谷仓；畜棚；车库；靶（核反应截面单位）
vt. 把…贮存入仓","They store the barn with hay.他们在仓库里储存干草。",
"banner","n. 旗帜，横幅；标语","A Banner hanging slack.无力挂着的旗帜",
"bang","n. 刘海；重击；突然巨响
adv. 直接地；砰然地；突然巨响地
vt. 重击；发巨响","The bottle exploded with a bang.""瓶子""""砰""""的一声爆炸了。""",
"axis","n. 轴；轴线；轴心国","The earth spins on its axis.地球绕地轴旋转。",
"aviation","n. 航空；飞行术；飞机制造业","a pioneer in aviation.航空业的先驱者",
"aural","adj. 听觉的；耳的；气味的；先兆的","He used tapes as aural material to teach English. 他用磁带作为听觉教材来教英语。",
"attentive","adj. 留意的，注意的","He was attentive to the speaker's words.他细心听讲",
"assure","vt. 保证；担保；使确信；弄清楚","I can assure you of its quality.它的质量我可以向你保证。",
"assist","n. 帮助；助攻
vi. 参加；出席
vt. 帮助；促进","I assisted in a grocery store.我在一个副食品店里帮忙。",
"appliance","n. 器具；器械；装置","An appliance carrying a full-year guarantee.有一年保证期的器具.",
"apparatus","n. 装置，设备；仪器；器官","the neuroendocrine apparatus in birds.鸟体内神经内分泌器官",
"anticipate","vt. 预期，期望；占先，抢先；提前使用","We anticipate a prompt reply from you.殷切地盼望早日来电。",
"amplify","vt. 放大，扩大；增强；详述
vi. 详述","There is no need to amplify.没有详述的必要。",
"ampere","n. 安培（计算电流强度的标准单位）","This fuse is rated at50 amperes.这根保险丝的熔断极限是五十安培的电流",
"amongst","prep. 在…之中；在…当中（等于among）","He found it amongst a pile of old books.他是在一堆旧书中找到它的.",
"agony","n. 苦恼；极大的痛苦；临死的挣扎","He writhed in agony.他疼得直打滚。",
"agent","n. 代理人，代理商；药剂；特工
vt. 由…作中介；由…代理
adj. 代理的","A digestive agent.消化器官",
"accordance","n. 一致；和谐","We should act in accordance with the law.我们应依法办事。",
"accord","n. 符合；一致；协议；自愿
vt. 使一致；给予
vi. 符合；一致","We accorded him a hearty welcome.我们给与他热烈的欢迎。",
"accessory","n. 配件；附件；[法] 从犯
adj. 副的；同谋的；附属的","a tack room;tack accessories.一个放马具的房间;马具的附件",
"alloy","vt. 使成合金；使减低成色
n. 合金
vi. 易于铸成合金","Brass is an alloy of copper and zinc.黄铜是铜和锌的合金。",
